Unnamed: 0,Model_Year,Mileage,Price,Km/L,Accidents_Or_Damage,Clean_Title,One_Owner_Vehicle,Personal_Use_Only,Level2_Charging,Dc_Fast_Charging,Battery_Capacity,Expected_Range,Gear_Spec,Engine_Size,Valves,Km/L_e_City,Km/L_e_Hwy
119275,2021,87215,26900.0,8.0,False,True,True,True,0.0,0.0,0.0,0.0,8,3.6,24,0.0,0.0
242469,2023,46796,41995.0,8.0,False,True,True,False,0.0,0.0,0.0,0.0,10,5.0,24,0.0,0.0
240329,2022,44147,29743.0,10.0,False,True,False,True,0.0,0.0,0.0,0.0,8,2.0,16,0.0,0.0
144108,2018,84093,22690.0,12.0,False,True,False,False,0.0,0.0,0.0,0.0,10,2.0,16,0.0,0.0
115766,2023,83352,26986.0,10.0,True,True,True,False,0.0,0.0,0.0,0.0,10,2.3,16,0.0,0.0
205898,2017,30415,15993.0,0.0,False,True,True,False,9.0,60.0,61.0,390.2,1,0.0,0,54.0,47.0
5434,2024,18312,28488.0,14.0,False,True,True,True,0.0,0.0,0.0,0.0,1,1.5,16,0.0,0.0
117087,2019,69433,24989.0,14.0,False,True,True,True,0.0,0.0,0.0,0.0,7,1.5,16,0.0,0.0
11873,2023,36789,32000.0,13.0,False,True,True,True,0.0,0.0,0.0,0.0,7,2.5,16,0.0,0.0
245903,2023,52012,17987.0,14.0,False,True,True,False,0.0,0.0,0.0,0.0,1,2.5,16,0.0,0.0
67812,2019,62697,34899.0,8.0,False,True,False,True,0.0,0.0,0.0,0.0,5,4.0,24,0.0,0.0
229622,2025,5401,84800.0,5.0,False,True,True,True,0.0,0.0,0.0,0.0,10,6.6,32,0.0,0.0
52579,2021,81061,19391.0,11.0,False,True,True,True,0.0,0.0,0.0,0.0,8,2.0,16,0.0,0.0
62492,2023,37848,46990.0,16.2,False,True,True,True,0.0,0.0,0.0,0.0,8,2.0,16,0.0,0.0
120367,2025,16874,63717.0,6.0,False,True,True,True,0.0,0.0,0.0,0.0,10,6.6,32,0.0,0.0
204559,2021,54554,39500.0,10.0,False,True,True,True,0.0,0.0,0.0,0.0,8,3.5,24,0.0,0.0
83690,2022,32600,24396.0,10.0,False,True,True,True,0.0,0.0,0.0,0.0,8,2.0,16,0.0,0.0
231449,2025,1473,46719.0,11.0,False,True,True,True,0.0,0.0,0.0,0.0,7,2.0,16,0.0,0.0
35842,2021,43060,32988.0,10.0,False,True,True,True,0.0,0.0,0.0,0.0,8,2.0,16,0.0,0.0
50550,2008,213818,8999.0,6.3,False,True,False,True,0.0,0.0,0.0,0.0,8,5.4,16,0.0,0.0
71463,2025,1038,54725.0,13.0,False,True,True,True,0.0,0.0,0.0,0.0,8,2.0,16,0.0,0.0
247568,2015,171170,4999.0,11.0,False,True,False,True,0.0,0.0,0.0,0.0,6,1.6,16,0.0,0.0
70172,2019,54098,36995.0,9.0,True,True,False,True,0.0,0.0,0.0,0.0,9,4.0,32,0.0,0.0
242132,2024,25744,50500.0,8.0,False,True,True,True,0.0,0.0,0.0,0.0,10,3.4,24,0.0,0.0
169068,2019,100850,13000.0,12.0,False,True,False,False,0.0,0.0,0.0,0.0,6,2.0,16,0.0,0.0
106844,2019,76361,15499.0,12.0,True,True,False,True,0.0,0.0,0.0,0.0,6,2.5,16,0.0,0.0
494,2006,189620,4995.0,10.0,False,True,False,True,0.0,0.0,0.0,0.0,5,3.3,24,0.0,0.0
133523,2018,115511,15995.0,8.0,True,True,False,False,0.0,0.0,0.0,0.0,6,3.5,24,0.0,0.0
69112,2019,180939,12900.0,9.0,False,True,False,False,0.0,0.0,0.0,0.0,8,3.6,24,0.0,0.0
188264,2021,72418,38860.0,8.0,False,True,True,True,0.0,0.0,0.0,0.0,10,3.0,24,0.0,0.0
226338,2018,66792,21698.0,23.0,False,True,False,True,0.0,0.0,0.0,0.0,8,3.6,24,0.0,0.0
130923,2020,111315,32395.0,8.0,True,True,True,True,0.0,0.0,0.0,0.0,10,3.5,24,0.0,0.0
17340,2021,5825,275000.0,7.0,False,True,False,True,0.0,0.0,0.0,0.0,8,3.8,24,0.0,0.0
106491,2022,27786,23863.0,13.0,True,True,True,True,0.0,0.0,0.0,0.0,2,1.5,12,0.0,0.0
28638,2022,22460,20894.0,14.0,False,True,False,False,0.0,0.0,0.0,0.0,8,1.5,16,0.0,0.0
209558,2020,104462,21599.0,13.0,False,True,True,True,0.0,0.0,0.0,0.0,10,2.5,16,0.0,0.0
137042,1990,110454,11995.0,8.0,False,True,False,True,0.0,0.0,0.0,0.0,8,5.0,16,0.0,0.0
249007,2021,1640,72421.0,9.0,False,True,True,True,0.0,0.0,0.0,0.0,8,6.2,16,0.0,0.0
200767,2017,97052,17598.0,8.0,True,True,False,True,0.0,0.0,0.0,0.0,6,3.5,24,0.0,0.0
239556,2018,90029,28995.0,8.0,True,True,False,True,0.0,0.0,0.0,0.0,8,3.6,24,0.0,0.0
62980,2023,29056,20874.0,14.0,False,True,True,True,0.0,0.0,0.0,0.0,8,2.5,16,0.0,0.0
62074,2002,499,38999.0,9.0,False,True,False,False,0.0,0.0,0.0,0.0,6,5.7,16,0.0,0.0
248217,2003,52974,10995.0,8.0,False,True,True,True,0.0,0.0,0.0,0.0,8,5.0,16,0.0,0.0
174943,2018,67526,13900.0,12.0,False,True,False,False,0.0,0.0,0.0,0.0,7,2.5,16,0.0,0.0
98282,2013,91812,5995.0,13.0,True,True,False,True,0.0,0.0,0.0,0.0,6,2.0,16,0.0,0.0
87739,2016,125086,10999.0,11.0,True,True,False,True,0.0,0.0,0.0,0.0,6,3.5,24,0.0,0.0
216845,2016,177822,19490.0,7.0,False,True,True,False,0.0,0.0,0.0,0.0,6,6.7,16,0.0,0.0
38694,2023,6617,39695.0,9.0,False,True,False,True,0.0,0.0,0.0,0.0,8,5.7,16,0.0,0.0
233994,2022,42830,19255.0,10.0,False,True,True,False,0.0,0.0,0.0,0.0,8,2.0,16,0.0,0.0
90685,2013,114000,12900.0,7.0,True,True,False,False,0.0,0.0,0.0,0.0,6,5.0,24,0.0,0.0
211587,2020,110829,24905.0,9.0,True,True,False,False,0.0,0.0,0.0,0.0,8,2.0,16,0.0,0.0
36279,2023,28191,18595.0,14.0,False,True,True,True,0.0,0.0,0.0,0.0,2,2.0,16,0.0,0.0
37551,2020,56459,60990.0,6.0,False,True,True,False,0.0,0.0,0.0,0.0,10,6.7,32,0.0,0.0
269177,2015,101999,18900.0,8.0,False,True,False,True,0.0,0.0,0.0,0.0,5,3.6,24,0.0,0.0
247359,2021,43149,32888.0,10.0,False,True,False,True,0.0,0.0,0.0,0.0,8,3.6,16,0.0,0.0
205691,2012,160237,8750.0,9.0,True,True,True,True,0.0,0.0,0.0,0.0,6,2.7,24,0.0,0.0
242394,2025,16843,24500.0,15.0,False,True,True,True,0.0,0.0,0.0,0.0,6,2.0,16,0.0,0.0
105941,2016,42410,19366.0,8.0,True,True,False,True,0.0,0.0,0.0,0.0,6,3.5,24,0.0,0.0
35246,2023,11275,46551.0,8.0,True,True,False,True,0.0,0.0,0.0,0.0,10,6.2,16,0.0,0.0
169070,1990,51197,17990.0,10.0,False,True,False,True,0.0,0.0,0.0,0.0,8,2.5,16,0.0,0.0
153425,2022,27359,27399.0,0.0,False,True,False,True,10.0,30.0,66.0,527.8,1,0.0,0,57.0,54.0
56641,2021,24012,71995.0,9.0,False,True,True,True,0.0,0.0,0.0,0.0,9,4.0,32,0.0,0.0
22406,2011,28940,10995.0,13.0,True,True,False,True,0.0,0.0,0.0,0.0,5,1.5,16,0.0,0.0
175238,2017,69038,22787.0,8.0,False,True,True,True,0.0,0.0,0.0,0.0,6,5.3,16,0.0,0.0
109482,2024,30177,48777.0,9.0,False,True,True,True,0.0,0.0,0.0,0.0,10,2.3,16,0.0,0.0
135271,2008,166490,6745.0,10.0,True,True,False,True,0.0,0.0,0.0,0.0,6,3.5,24,0.0,0.0
81198,2022,4498,20961.0,13.0,True,True,True,False,0.0,0.0,0.0,0.0,8,1.5,12,0.0,0.0
207758,2022,13449,23995.0,13.0,False,True,False,True,0.0,0.0,0.0,0.0,8,1.59,16,0.0,0.0
167819,2003,153996,4795.0,8.0,False,True,False,True,0.0,0.0,0.0,0.0,8,3.0,16,0.0,0.0
100958,2017,103239,13959.0,12.0,False,True,False,False,0.0,0.0,0.0,0.0,9,2.0,16,0.0,0.0
170161,2016,96190,27657.0,8.0,False,True,True,True,0.0,0.0,0.0,0.0,5,4.0,24,0.0,0.0
80598,2021,42345,32442.0,8.0,False,True,True,True,0.0,0.0,0.0,0.0,8,3.6,24,0.0,0.0
197610,2014,124554,13995.0,10.0,False,True,False,True,0.0,0.0,0.0,0.0,6,3.5,24,0.0,0.0
193516,2015,63008,14806.0,9.0,False,True,False,True,0.0,0.0,0.0,0.0,6,3.6,24,0.0,0.0
266401,2022,43255,27700.0,0.0,False,True,True,True,11.0,30.0,81.0,478.7,1,0.0,0,54.0,50.0
91102,2018,45599,25500.0,13.0,False,True,False,True,0.0,0.0,0.0,0.0,6,1.5,16,0.0,0.0
64556,2023,18177,29995.0,10.0,False,True,True,False,0.0,0.0,0.0,0.0,9,3.6,24,0.0,0.0
26131,2003,38977,17999.0,11.0,False,True,False,True,0.0,0.0,0.0,0.0,6,1.8,16,0.0,0.0
161883,2023,44148,24733.0,10.0,False,True,True,False,0.0,0.0,0.0,0.0,8,3.6,24,0.0,0.0
7123,2022,27172,38800.0,8.0,True,True,False,True,0.0,0.0,0.0,0.0,6,3.5,24,0.0,0.0
208040,2024,13870,24894.0,14.0,False,True,True,True,0.0,0.0,0.0,0.0,6,2.0,16,0.0,0.0
104168,2023,24812,36400.0,10.0,False,True,True,True,0.0,0.0,0.0,0.0,8,2.0,16,0.0,0.0
270395,2025,8339,30482.0,13.0,False,True,True,False,0.0,0.0,0.0,0.0,8,2.5,16,0.0,0.0
91003,2017,73685,28950.0,5.0,False,True,False,False,0.0,0.0,0.0,0.0,6,6.0,16,0.0,0.0
154336,2022,43362,24900.0,0.0,False,True,True,False,11.0,30.0,80.0,430.4,1,0.0,0,49.0,45.0
27117,2021,74615,31987.0,10.0,False,True,True,True,0.0,0.0,0.0,0.0,8,2.0,24,0.0,0.0
28824,2018,99778,10290.0,9.0,True,True,False,True,0.0,0.0,0.0,0.0,6,3.6,24,0.0,0.0
233168,2020,47147,22240.0,13.0,False,True,True,True,0.0,0.0,0.0,0.0,8,1.5,16,0.0,0.0
2428,2023,24040,24441.0,13.0,False,True,True,False,0.0,0.0,0.0,0.0,1,2.5,16,0.0,0.0
70412,2022,54405,20995.0,0.0,False,True,True,True,11.0,30.0,81.0,434.4,1,0.0,0,49.0,45.0
147414,2024,42569,30172.0,18.0,False,True,True,True,0.0,0.0,0.0,0.0,1,2.0,16,0.0,0.0
103515,2024,13194,38776.0,9.0,False,True,True,False,0.0,0.0,0.0,0.0,8,2.0,16,0.0,0.0
93804,2023,52602,18556.0,10.0,False,True,True,False,0.0,0.0,0.0,0.0,8,3.6,24,0.0,0.0
56403,2025,22113,29382.0,20.0,True,True,True,True,0.0,0.0,0.0,0.0,2,2.5,16,0.0,0.0
96772,2023,70561,53009.0,7.0,False,True,True,True,0.0,0.0,0.0,0.0,10,6.2,16,0.0,0.0
209772,2022,28505,31700.0,10.0,False,True,True,True,0.0,0.0,0.0,0.0,10,2.3,16,0.0,0.0
257843,2025,1719,39700.0,9.0,False,True,True,False,0.0,0.0,0.0,0.0,10,2.3,16,0.0,0.0
214298,2020,110057,11995.0,11.0,True,True,True,False,0.0,0.0,0.0,0.0,8,2.0,16,0.0,0.0
218355,2013,108981,34946.0,7.0,False,True,True,True,0.0,0.0,0.0,0.0,6,6.6,16,0.0,0.0
73987,2025,1083,36994.0,11.0,False,True,True,True,0.0,0.0,0.0,0.0,8,2.0,16,0.0,0.0
255273,2017,125593,17977.0,9.0,True,True,True,True,0.0,0.0,0.0,0.0,9,3.5,24,0.0,0.0
16852,2018,137320,15446.0,24.4,True,True,False,True,0.0,0.0,0.0,0.0,8,1.5,16,0.0,0.0
54284,2023,27677,51581.0,10.0,False,True,True,True,0.0,0.0,0.0,0.0,8,3.0,24,0.0,0.0
236406,2023,20590,89990.0,9.0,False,True,True,True,0.0,0.0,0.0,0.0,9,4.0,32,0.0,0.0
180888,2021,145993,16999.0,14.0,True,True,False,True,0.0,0.0,0.0,0.0,2,2.0,16,0.0,0.0
205702,2021,71172,45900.0,7.0,True,True,True,True,0.0,0.0,0.0,0.0,10,5.3,16,0.0,0.0
257232,2017,71321,13288.0,11.0,False,True,False,True,0.0,0.0,0.0,0.0,6,1.5,16,0.0,0.0
139141,2022,48547,21250.0,11.0,True,True,True,True,0.0,0.0,0.0,0.0,8,2.0,12,0.0,0.0
42833,2022,58198,28900.0,10.0,True,True,False,False,0.0,0.0,0.0,0.0,6,2.5,16,0.0,0.0
32279,2017,112731,15482.0,10.0,True,True,True,True,0.0,0.0,0.0,0.0,9,3.6,24,0.0,0.0
200925,2021,20208,25595.0,0.0,False,True,True,True,10.0,27.0,82.0,516.5,1,0.0,0,60.0,54.0
119700,2017,58298,17995.0,12.0,False,True,False,True,0.0,0.0,0.0,0.0,7,2.0,16,0.0,0.0
158844,2020,79411,20495.0,13.0,False,True,True,True,0.0,0.0,0.0,0.0,7,2.5,16,0.0,0.0
90383,2023,38292,39999.0,9.0,False,True,True,True,0.0,0.0,0.0,0.0,10,3.5,24,0.0,0.0
113593,2022,51439,25990.0,11.0,False,True,True,True,0.0,0.0,0.0,0.0,8,2.0,16,0.0,0.0
155789,2023,32000,44000.0,8.1,False,True,True,True,0.0,0.0,0.0,0.0,10,2.3,16,0.0,0.0
210521,2023,39029,65998.0,9.0,False,True,True,True,0.0,0.0,0.0,0.0,10,3.4,24,0.0,0.0
212254,2022,44015,26229.0,10.0,False,True,True,True,0.0,0.0,0.0,0.0,8,2.0,16,0.0,0.0
7106,2018,107577,14900.0,10.0,False,True,False,False,0.0,0.0,0.0,0.0,6,2.0,16,0.0,0.0
24260,2023,32558,19400.0,13.0,False,True,True,False,0.0,0.0,0.0,0.0,2,1.5,16,0.0,0.0
13280,2024,23161,67210.0,6.0,False,True,False,True,0.0,0.0,0.0,0.0,10,6.7,32,0.0,0.0
4070,2025,3344,86565.0,8.0,False,True,False,False,0.0,0.0,0.0,0.0,8,3.0,24,0.0,0.0
190767,2021,12621,72990.0,9.0,False,True,False,True,0.0,0.0,0.0,0.0,9,4.0,32,0.0,0.0
109797,2013,66306,16991.0,8.0,False,True,False,True,0.0,0.0,0.0,0.0,5,3.6,24,0.0,0.0
116526,2024,26374,19927.0,13.0,False,True,True,False,0.0,0.0,0.0,0.0,2,1.5,16,0.0,0.0
155857,2019,73532,17695.0,12.0,False,True,True,True,0.0,0.0,0.0,0.0,6,2.5,16,0.0,0.0
101167,2021,48687,21710.0,0.0,True,True,True,True,10.0,45.0,88.0,362.0,1,0.0,0,42.0,37.0
173269,2017,116469,18536.0,8.0,True,True,False,False,0.0,0.0,0.0,0.0,5,3.6,24,0.0,0.0
270486,2022,51921,26598.0,10.0,False,True,True,False,0.0,0.0,0.0,0.0,9,3.6,24,0.0,0.0
79120,2015,121799,26983.0,8.0,False,True,True,True,0.0,0.0,0.0,0.0,8,4.0,16,0.0,0.0
99361,2014,92531,11999.0,8.0,True,True,False,True,0.0,0.0,0.0,0.0,6,3.5,24,0.0,0.0
16416,2023,39000,21500.0,14.0,False,True,True,True,0.0,0.0,0.0,0.0,6,2.0,16,0.0,0.0
70461,1990,38550,14995.0,9.0,False,True,False,True,0.0,0.0,0.0,0.0,4,5.7,16,0.0,0.0
176478,2024,26464,21649.0,13.0,False,True,True,False,0.0,0.0,0.0,0.0,2,1.5,16,0.0,0.0
45531,2019,100537,24460.0,10.0,True,True,False,False,0.0,0.0,0.0,0.0,8,3.5,24,0.0,0.0
129584,2014,44236,14995.0,10.0,True,True,False,True,0.0,0.0,0.0,0.0,6,2.0,16,0.0,0.0
176027,2024,2810,26499.0,14.0,False,True,True,True,0.0,0.0,0.0,0.0,8,2.5,16,0.0,0.0
139976,2022,13490,42995.0,9.0,False,True,True,True,0.0,0.0,0.0,0.0,10,3.5,24,0.0,0.0
403,2022,124216,12999.0,14.0,True,True,False,False,0.0,0.0,0.0,0.0,8,1.5,16,0.0,0.0
99959,2023,50452,19496.0,13.0,False,True,True,False,0.0,0.0,0.0,0.0,2,1.5,12,0.0,0.0
182386,2022,21671,44950.0,15.0,False,True,True,True,0.0,0.0,0.0,0.0,8,2.5,16,0.0,0.0
31750,2010,114625,10135.0,10.0,False,True,False,True,0.0,0.0,0.0,0.0,5,2.4,16,0.0,0.0
234953,2018,59345,13980.0,11.0,True,True,False,True,0.0,0.0,0.0,0.0,6,1.5,16,0.0,0.0
224437,2022,58695,38765.0,7.0,False,True,True,True,0.0,0.0,0.0,0.0,5,4.0,24,0.0,0.0
246192,2016,126840,28900.0,6.0,False,True,False,False,0.0,0.0,0.0,0.0,6,5.7,32,0.0,0.0
119378,2019,133156,33999.0,7.0,False,True,False,False,0.0,0.0,0.0,0.0,6,5.7,32,0.0,0.0
248717,2023,19770,47998.0,8.0,True,True,True,True,0.0,0.0,0.0,0.0,10,3.4,24,0.0,0.0
196760,2019,3568,200000.0,7.0,False,True,False,True,0.0,0.0,0.0,0.0,8,6.2,16,0.0,0.0
204509,2020,83559,11964.0,13.0,True,True,False,True,0.0,0.0,0.0,0.0,6,2.0,16,0.0,0.0
34485,2017,193025,12995.0,6.5,True,True,True,True,0.0,0.0,0.0,0.0,8,6.6,16,0.0,0.0
84314,2023,29741,26333.0,0.0,False,True,False,False,7.0,30.0,77.0,403.1,1,0.0,0,49.0,42.0
130142,2024,14734,30314.0,11.0,False,True,True,False,0.0,0.0,0.0,0.0,8,2.5,16,0.0,0.0
73546,2018,80967,35200.0,8.0,True,True,True,False,0.0,0.0,0.0,0.0,6,6.6,16,0.0,0.0
169363,2022,25780,39710.0,9.0,False,True,True,True,0.0,0.0,0.0,0.0,8,3.6,24,0.0,0.0
83075,2020,44344,36999.0,7.0,True,True,False,False,0.0,0.0,0.0,0.0,5,4.0,24,0.0,0.0
87949,2021,57220,32840.0,11.0,False,True,True,True,0.0,0.0,0.0,0.0,8,3.0,16,0.0,0.0
69099,2013,120222,7995.0,14.0,True,True,False,True,0.0,0.0,0.0,0.0,6,2.0,16,0.0,0.0
163464,2016,133389,13499.0,8.0,True,True,False,True,0.0,0.0,0.0,0.0,8,4.4,32,0.0,0.0
233878,2022,10520,22261.0,13.0,False,True,True,True,0.0,0.0,0.0,0.0,7,1.6,16,0.0,0.0
63565,2021,78938,30985.0,10.0,True,True,False,False,0.0,0.0,0.0,0.0,8,3.0,24,0.0,0.0
118265,2024,32828,62330.0,7.0,False,True,True,True,0.0,0.0,0.0,0.0,10,6.7,16,0.0,0.0
5248,2014,126621,7995.0,16.0,False,True,False,True,0.0,0.0,0.0,0.0,6,2.5,16,0.0,0.0
181474,2023,49044,25595.0,11.0,True,True,True,False,0.0,0.0,0.0,0.0,9,2.0,16,0.0,0.0
60938,2024,41959,30980.0,16.0,False,True,True,True,0.0,0.0,0.0,0.0,8,2.5,16,0.0,0.0
111583,2023,47656,28999.0,8.0,False,True,True,False,0.0,0.0,0.0,0.0,8,3.6,24,0.0,0.0
253393,2022,56613,16700.0,14.0,False,True,True,False,0.0,0.0,0.0,0.0,6,1.5,16,0.0,0.0
182326,2023,33188,38551.0,16.3,True,True,True,True,0.0,0.0,0.0,0.0,8,2.5,16,0.0,0.0
130616,2020,62873,20800.0,8.0,True,True,False,False,0.0,0.0,0.0,0.0,10,5.0,32,0.0,0.0
60184,2023,5687,47999.0,9.0,True,True,True,True,0.0,0.0,0.0,0.0,10,3.5,24,0.0,0.0
171437,2014,41535,30900.0,4.0,False,True,False,False,0.0,0.0,0.0,0.0,8,4.6,16,0.0,0.0
153155,2014,139281,11397.0,9.0,True,True,True,False,0.0,0.0,0.0,0.0,6,3.5,24,0.0,0.0
132142,2022,44881,37995.0,10.0,False,True,True,True,0.0,0.0,0.0,0.0,9,3.5,24,0.0,0.0
123230,2011,144154,4991.0,11.0,True,True,False,True,0.0,0.0,0.0,0.0,4,2.0,16,0.0,0.0
47053,2023,78360,21991.0,10.0,False,True,False,False,0.0,0.0,0.0,0.0,9,3.6,24,0.0,0.0
128383,2024,12406,46837.0,7.0,False,True,True,False,0.0,0.0,0.0,0.0,5,4.0,24,0.0,0.0
14575,2019,73348,28999.0,7.0,True,True,True,True,0.0,0.0,0.0,0.0,6,4.6,32,0.0,0.0
142367,2025,28551,35798.0,16.0,False,True,True,False,0.0,0.0,0.0,0.0,2,2.0,16,0.0,0.0
117424,2022,96462,29502.0,9.0,True,True,False,True,0.0,0.0,0.0,0.0,10,3.5,24,0.0,0.0
5514,2020,135135,20855.0,9.0,False,True,True,True,0.0,0.0,0.0,0.0,8,2.0,16,0.0,0.0
135173,2021,44226,30986.0,9.0,True,True,True,False,0.0,0.0,0.0,0.0,8,3.6,24,0.0,0.0
123138,2019,80518,23500.0,8.0,True,True,False,True,0.0,0.0,0.0,0.0,8,3.6,24,0.0,0.0
67039,2019,109000,21498.0,10.0,False,True,True,True,0.0,0.0,0.0,0.0,8,3.0,24,0.0,0.0
185392,2022,36125,35973.0,8.0,False,True,True,True,0.0,0.0,0.0,0.0,8,3.6,24,0.0,0.0
143672,2022,60625,27534.0,8.0,False,True,True,True,0.0,0.0,0.0,0.0,8,3.6,24,0.0,0.0
135367,2013,123914,9599.0,11.0,False,True,False,True,0.0,0.0,0.0,0.0,6,2.0,16,0.0,0.0
183383,2023,54635,16150.0,13.0,False,True,True,False,0.0,0.0,0.0,0.0,2,1.5,16,0.0,0.0
66362,2020,74283,24598.0,9.0,False,True,True,True,0.0,0.0,0.0,0.0,8,2.0,16,0.0,0.0
9539,2016,58900,51995.0,7.0,False,True,False,True,0.0,0.0,0.0,0.0,6,6.7,16,0.0,0.0
225760,2019,133056,11995.0,11.0,True,True,False,False,0.0,0.0,0.0,0.0,6,2.0,16,0.0,0.0
12575,2011,116357,8995.0,12.0,True,True,False,True,0.0,0.0,0.0,0.0,8,2.4,16,0.0,0.0
125546,2020,63592,31000.0,10.0,False,True,False,True,0.0,0.0,0.0,0.0,8,3.0,24,0.0,0.0
157299,2022,47334,22095.0,14.0,False,True,True,False,0.0,0.0,0.0,0.0,1,2.5,16,0.0,0.0
216356,2017,64713,16799.0,8.0,False,True,False,True,0.0,0.0,0.0,0.0,6,2.3,24,0.0,0.0
157955,2022,56000,26291.0,0.0,True,True,True,True,10.0,30.0,82.0,454.5,1,0.0,0,50.0,45.0
74464,1990,71966,11900.0,9.0,False,True,False,False,0.0,0.0,0.0,0.0,4,5.7,16,0.0,0.0
135314,2014,58914,7890.0,27.0,False,True,False,True,0.0,0.0,0.0,0.0,1,0.65,16,0.0,0.0
237001,2022,35125,51995.0,7.0,False,True,True,True,0.0,0.0,0.0,0.0,10,5.3,16,0.0,0.0
31942,2024,20409,18194.0,10.7,False,True,True,False,0.0,0.0,0.0,0.0,8,2.9200000000000004,16,0.0,0.0
197273,2011,229112,6995.0,8.0,False,True,False,True,0.0,0.0,0.0,0.0,5,3.5,24,0.0,0.0
191880,2023,17002,55640.0,8.0,False,True,False,False,0.0,0.0,0.0,0.0,10,6.2,16,0.0,0.0
159657,2017,58350,44980.0,10.0,True,True,False,True,0.0,0.0,0.0,0.0,8,2.9,24,0.0,0.0
78567,2010,122500,8750.0,7.0,False,True,False,True,0.0,0.0,0.0,0.0,4,3.8,12,0.0,0.0
169255,2017,33365,20985.0,9.0,False,True,False,False,0.0,0.0,0.0,0.0,6,3.6,24,0.0,0.0
208489,2024,16275,28989.0,18.0,False,True,True,True,0.0,0.0,0.0,0.0,1,2.0,16,0.0,0.0
4373,2019,82951,12995.0,14.0,True,True,False,False,0.0,0.0,0.0,0.0,7,1.5,16,0.0,0.0
165613,2025,7400,48457.0,11.0,False,True,True,False,0.0,0.0,0.0,0.0,7,2.0,16,0.0,0.0
242205,2024,39640,40788.0,7.0,False,True,True,False,0.0,0.0,0.0,0.0,5,4.0,24,0.0,0.0
188603,2022,57146,21990.0,10.0,False,True,True,False,0.0,0.0,0.0,0.0,8,3.6,24,0.0,0.0
28781,2022,69816,21988.0,0.0,False,True,True,True,7.0,30.0,77.0,407.9,1,0.0,0,47.0,40.0
136421,2025,24017,29500.0,21.0,True,True,False,True,0.0,0.0,0.0,0.0,8,2.5,16,0.0,0.0
205588,2019,37144,25980.0,0.0,False,True,False,True,9.0,25.0,62.0,329.0,1,0.0,0,60.0,53.0
186769,2023,47646,40518.0,10.0,False,True,True,True,0.0,0.0,0.0,0.0,10,3.5,24,0.0,0.0
210450,2009,194534,3439.0,11.0,True,True,False,False,0.0,0.0,0.0,0.0,4,2.4,16,0.0,0.0
221880,2020,47354,41195.0,9.0,False,True,False,False,0.0,0.0,0.0,0.0,8,3.0,24,0.0,0.0
133988,2023,8901,39995.0,8.0,False,True,True,True,0.0,0.0,0.0,0.0,6,3.5,24,0.0,0.0
197254,2024,23797,27626.0,10.0,False,True,True,True,0.0,0.0,0.0,0.0,10,2.3,16,0.0,0.0
55765,2023,53963,37995.0,9.0,False,True,True,True,0.0,0.0,0.0,0.0,10,3.0,24,0.0,0.0
79507,2022,41126,31500.0,9.0,False,True,True,True,0.0,0.0,0.0,0.0,10,2.3,16,0.0,0.0
123926,2015,89227,12988.0,15.0,True,True,False,True,0.0,0.0,0.0,0.0,5,1.8,16,0.0,0.0
143112,2023,58445,27105.0,10.0,True,True,True,False,0.0,0.0,0.0,0.0,9,3.6,24,0.0,0.0
223982,2015,91302,11998.0,9.0,False,True,False,False,0.0,0.0,0.0,0.0,6,3.6,24,0.0,0.0
24112,2020,83011,32082.0,8.0,True,True,False,False,0.0,0.0,0.0,0.0,8,3.6,24,0.0,0.0
152994,2025,1500,27424.0,16.0,False,True,True,True,0.0,0.0,0.0,0.0,8,2.0,16,0.0,0.0
65382,2012,73150,22000.0,8.0,False,True,False,True,0.0,0.0,0.0,0.0,6,5.3,16,0.0,0.0
18048,2022,47697,53495.0,7.0,False,True,True,True,0.0,0.0,0.0,0.0,10,5.3,16,0.0,0.0
206567,2019,82225,16990.0,14.0,True,True,False,True,0.0,0.0,0.0,0.0,1,2.5,16,0.0,0.0
189913,2022,24191,25595.0,14.0,False,True,True,True,0.0,0.0,0.0,0.0,10,1.5,16,0.0,0.0
89045,2019,73416,24997.0,10.0,True,True,False,False,0.0,0.0,0.0,0.0,8,3.5,24,0.0,0.0
139780,2015,85831,7799.0,14.0,False,True,True,True,0.0,0.0,0.0,0.0,6,2.0,16,0.0,0.0
55798,2022,7772,66990.0,6.0,False,True,True,False,0.0,0.0,0.0,0.0,8,6.4,16,0.0,0.0
205435,2020,115425,27800.0,9.0,True,True,False,False,0.0,0.0,0.0,0.0,9,4.0,32,0.0,0.0
182312,2013,144317,8397.0,12.0,True,True,False,True,0.0,0.0,0.0,0.0,6,2.4,16,0.0,0.0
87069,2017,48276,61645.0,6.0,False,True,False,False,0.0,0.0,0.0,0.0,6,6.7,32,0.0,0.0
38198,2023,30775,40995.0,5.0,False,True,True,True,0.0,0.0,0.0,0.0,10,3.5,24,0.0,0.0
144629,2023,42310,69895.0,6.0,False,True,False,False,0.0,0.0,0.0,0.0,10,6.7,16,0.0,0.0
209606,2022,40618,45991.0,7.0,False,True,True,True,0.0,0.0,0.0,0.0,10,2.7,24,0.0,0.0
151828,2014,87770,13995.0,15.0,True,True,False,False,0.0,0.0,0.0,0.0,5,1.8,16,0.0,0.0
128261,2022,10695,26995.0,0.0,True,True,True,True,10.0,30.0,66.0,528.6,1,0.0,0,57.0,54.0
76456,2023,33812,42895.0,10.0,False,True,True,True,0.0,0.0,0.0,0.0,10,3.5,24,0.0,0.0
61078,2015,68854,24699.0,9.0,False,True,False,True,0.0,0.0,0.0,0.0,8,5.7,16,0.0,0.0
74655,2023,55353,21998.0,13.0,False,True,True,False,0.0,0.0,0.0,0.0,2,1.5,12,0.0,0.0
143687,2024,8448,45927.0,7.0,False,True,True,False,0.0,0.0,0.0,0.0,10,2.7,16,0.0,0.0
162431,2025,8297,30489.0,13.0,False,True,True,False,0.0,0.0,0.0,0.0,8,2.5,16,0.0,0.0
136608,2016,64115,32344.0,8.0,True,True,False,False,0.0,0.0,0.0,0.0,8,5.3,16,0.0,0.0
200645,2025,4936,42318.0,9.0,False,True,True,True,0.0,0.0,0.0,0.0,8,2.5,16,0.0,0.0
4401,1990,40968,13995.0,11.0,True,True,True,True,0.0,0.0,0.0,0.0,5,2.3,16,0.0,0.0
116138,2024,6771,41250.0,17.0,False,True,True,True,0.0,0.0,0.0,0.0,2,2.5,16,0.0,0.0
205832,2018,199300,13900.0,10.0,False,True,False,False,0.0,0.0,0.0,0.0,10,2.7,24,0.0,0.0
93601,2024,1049,18965.0,0.0,False,True,True,False,11.0,45.0,60.0,359.6,1,0.0,0,51.0,42.0
6518,2022,71001,21993.0,10.0,False,True,True,True,0.0,0.0,0.0,0.0,8,2.0,16,0.0,0.0
145914,2016,189462,8765.0,8.0,False,True,True,True,0.0,0.0,0.0,0.0,6,3.5,24,0.0,0.0
171598,2023,18158,66997.0,10.0,False,True,False,True,0.0,0.0,0.0,0.0,10,3.0,16,0.0,0.0
53350,2023,54568,20467.0,16.0,False,True,True,False,0.0,0.0,0.0,0.0,10,2.0,16,0.0,0.0
166721,2022,52245,20995.0,0.0,False,True,True,True,10.0,30.0,66.0,522.1,1,0.0,0,57.0,54.0
238360,2021,50752,26495.0,10.0,False,True,False,True,0.0,0.0,0.0,0.0,10,2.3,16,0.0,0.0
226652,2024,18262,47400.0,7.0,False,True,False,False,0.0,0.0,0.0,0.0,10,5.3,16,0.0,0.0
67255,2022,39693,25899.0,14.0,True,True,True,True,0.0,0.0,0.0,0.0,6,1.5,16,0.0,0.0
54037,2019,62318,28055.0,17.0,False,True,False,True,0.0,0.0,0.0,0.0,8,2.5,16,0.0,0.0
165270,2022,15157,65496.0,9.0,False,True,True,True,0.0,0.0,0.0,0.0,9,4.0,32,0.0,0.0
67082,2002,154804,5299.0,14.0,True,True,False,True,0.0,0.0,0.0,0.0,5,1.7,16,0.0,0.0
19642,2018,98001,23144.0,10.0,True,True,True,True,0.0,0.0,0.0,0.0,8,3.5,24,0.0,0.0
128519,2020,95428,34991.0,7.0,False,True,True,True,0.0,0.0,0.0,0.0,10,6.2,16,0.0,0.0
33917,2017,83270,9999.0,9.0,True,True,False,True,0.0,0.0,0.0,0.0,6,3.6,24,0.0,0.0
226736,2014,36732,38295.0,9.0,False,True,False,True,0.0,0.0,0.0,0.0,7,4.6,32,0.0,0.0
243901,2013,174518,14000.0,8.0,False,True,True,True,0.0,0.0,0.0,0.0,6,3.5,24,0.0,0.0
67990,2023,29582,45400.0,9.0,False,True,True,True,0.0,0.0,0.0,0.0,10,3.5,24,0.0,0.0
107880,2024,32807,23050.0,10.0,False,True,True,False,0.0,0.0,0.0,0.0,8,2.0,16,0.0,0.0
42065,2016,65756,16977.0,13.0,True,True,False,False,0.0,0.0,0.0,0.0,6,2.5,16,0.0,0.0
79244,2024,15702,50078.0,7.0,False,True,False,True,0.0,0.0,0.0,0.0,10,5.3,16,0.0,0.0
23308,2022,38717,47093.0,7.0,False,True,False,False,0.0,0.0,0.0,0.0,10,5.3,16,0.0,0.0
146626,2021,96176,26900.0,10.0,True,True,True,True,0.0,0.0,0.0,0.0,10,3.5,24,0.0,0.0
26276,2024,20,85000.0,15.0,False,True,True,True,0.0,0.0,0.0,0.0,2,2.5,16,0.0,0.0
23124,2022,45429,15999.0,14.0,False,True,False,False,0.0,0.0,0.0,0.0,2,2.0,16,0.0,0.0
29191,2023,23064,29888.0,9.0,False,True,True,False,0.0,0.0,0.0,0.0,8,5.7,16,0.0,0.0
28188,2021,92037,29994.0,15.0,True,True,True,False,0.0,0.0,0.0,0.0,2,2.5,16,0.0,0.0
270980,2024,9834,53095.0,11.0,False,True,False,False,0.0,0.0,0.0,0.0,8,2.0,16,0.0,0.0
62587,2017,144934,15998.0,9.0,True,True,True,True,0.0,0.0,0.0,0.0,9,3.5,24,0.0,0.0
223637,2022,40061,31995.0,10.0,True,True,True,True,0.0,0.0,0.0,0.0,10,2.3,16,0.0,0.0
245284,2010,140000,3900.0,10.0,False,True,False,False,0.0,0.0,0.0,0.0,6,3.8,12,0.0,0.0
173135,2025,2975,123921.0,8.0,False,True,True,True,0.0,0.0,0.0,0.0,8,3.0,24,0.0,0.0
209934,2022,95524,25400.0,17.0,True,True,False,True,0.0,0.0,0.0,0.0,2,2.5,16,0.0,0.0
165018,2017,94573,18998.0,13.0,False,True,False,True,0.0,0.0,0.0,0.0,6,1.5,16,0.0,0.0
239130,2022,27177,80995.0,9.0,False,True,True,True,0.0,0.0,0.0,0.0,8,2.9,24,0.0,0.0
230245,2023,27025,40985.0,9.0,True,True,True,True,0.0,0.0,0.0,0.0,9,3.6,24,0.0,0.0
153610,2015,12781,64995.0,7.0,True,True,False,True,0.0,0.0,0.0,0.0,8,6.2,16,0.0,0.0
115879,2014,172250,25998.0,5.7,False,True,False,True,0.0,0.0,0.0,0.0,8,6.6,16,0.0,0.0
251362,2023,50264,24881.0,14.0,False,True,True,False,0.0,0.0,0.0,0.0,2,1.5,16,0.0,0.0
85561,2023,40680,30501.0,11.0,True,True,True,False,0.0,0.0,0.0,0.0,8,2.4,16,0.0,0.0
113299,2022,30269,26491.0,19.0,True,True,False,False,0.0,0.0,0.0,0.0,8,2.5,16,0.0,0.0
156589,2025,2652,35260.0,18.0,False,True,True,True,0.0,0.0,0.0,0.0,1,2.0,16,0.0,0.0
40354,2020,96884,26944.0,9.0,True,True,False,False,0.0,0.0,0.0,0.0,8,2.0,16,0.0,0.0
231047,2023,13102,63877.0,8.0,False,True,False,True,0.0,0.0,0.0,0.0,8,6.2,16,0.0,0.0
254091,2023,11071,33677.0,10.0,False,True,True,False,0.0,0.0,0.0,0.0,8,3.6,24,0.0,0.0
115049,2022,27826,107464.0,7.0,False,True,False,False,0.0,0.0,0.0,0.0,8,4.0,32,0.0,0.0
248550,2012,77791,10995.0,13.0,True,True,False,True,0.0,0.0,0.0,0.0,6,2.0,16,0.0,0.0
23563,2018,73831,11190.0,24.4,False,True,False,True,0.0,0.0,0.0,0.0,8,1.8,16,0.0,0.0
13269,2023,8276,43500.0,10.0,False,True,False,False,0.0,0.0,0.0,0.0,10,3.0,24,0.0,0.0
157261,2021,61223,22500.0,14.0,True,True,True,True,0.0,0.0,0.0,0.0,10,1.5,16,0.0,0.0
45124,2023,64998,25999.0,14.1,False,True,True,False,0.0,0.0,0.0,0.0,8,3.6,24,0.0,0.0
33527,2018,46945,21900.0,7.0,False,True,True,False,0.0,0.0,0.0,0.0,8,4.3,12,0.0,0.0
211592,2023,28012,71000.0,6.0,False,True,False,True,0.0,0.0,0.0,0.0,8,6.4,24,0.0,0.0
258040,2021,30056,38999.0,8.0,False,True,True,False,0.0,0.0,0.0,0.0,6,3.6,24,0.0,0.0
105837,2019,10026,93990.0,8.0,False,True,True,True,0.0,0.0,0.0,0.0,8,6.2,16,0.0,0.0
75519,2018,73848,18997.0,10.0,True,True,True,False,0.0,0.0,0.0,0.0,6,2.5,16,0.0,0.0
124038,2021,87691,32982.0,10.0,False,True,True,True,0.0,0.0,0.0,0.0,8,3.5,24,0.0,0.0
268680,2025,4781,60990.0,12.0,False,True,False,False,0.0,0.0,0.0,0.0,9,2.0,16,0.0,0.0
139417,2023,33627,28998.0,13.0,True,True,True,True,0.0,0.0,0.0,0.0,1,1.5,16,0.0,0.0
252023,2024,709,177992.0,9.0,False,True,True,True,0.0,0.0,0.0,0.0,8,3.0,24,0.0,0.0
93476,2018,100701,26490.0,8.0,True,True,False,False,0.0,0.0,0.0,0.0,6,5.3,16,0.0,0.0
256347,2021,17197,32994.0,12.0,True,True,False,True,0.0,0.0,0.0,0.0,8,2.0,16,0.0,0.0
248073,2022,69779,28977.0,10.0,True,True,True,True,0.0,0.0,0.0,0.0,9,3.5,24,0.0,0.0
176381,2024,23642,68908.0,6.0,False,True,False,False,0.0,0.0,0.0,0.0,10,6.6,16,0.0,0.0
221371,2025,4489,22879.0,14.0,False,True,True,True,0.0,0.0,0.0,0.0,2,1.5,16,0.0,0.0
180938,2022,47007,35995.0,9.0,False,True,False,False,0.0,0.0,0.0,0.0,10,2.3,16,0.0,0.0
207503,2015,64451,44991.0,8.0,False,True,False,True,0.0,0.0,0.0,0.0,7,5.5,32,0.0,0.0
178105,2007,156389,8924.0,12.0,False,True,False,False,0.0,0.0,0.0,0.0,5,2.4,16,0.0,0.0
13023,2011,114655,9995.0,12.0,True,True,True,True,0.0,0.0,0.0,0.0,5,2.4,16,0.0,0.0
154503,2022,38488,28897.0,11.0,False,True,True,False,0.0,0.0,0.0,0.0,7,2.0,16,0.0,0.0
45807,2011,69860,6450.0,13.0,False,True,False,True,0.0,0.0,0.0,0.0,6,2.5,20,0.0,0.0
177055,2023,13769,32997.0,0.0,False,True,True,True,10.0,45.0,91.0,422.4,1,0.0,0,38.0,33.0
150257,2016,98228,11795.0,12.0,False,True,False,False,0.0,0.0,0.0,0.0,7,2.5,16,0.0,0.0
78147,2022,51371,57500.0,6.0,True,True,True,True,0.0,0.0,0.0,0.0,10,6.6,32,0.0,0.0
97459,2006,128126,10995.0,8.0,True,True,False,True,0.0,0.0,0.0,0.0,5,4.0,24,0.0,0.0
187505,2023,30006,42998.0,10.0,False,True,True,False,0.0,0.0,0.0,0.0,10,3.5,24,0.0,0.0
14875,2017,97299,21429.0,8.0,True,True,False,True,0.0,0.0,0.0,0.0,6,5.0,32,0.0,0.0
162004,2018,131854,17998.0,13.0,True,True,False,True,0.0,0.0,0.0,0.0,1,1.5,16,0.0,0.0
130688,2015,79477,24450.0,9.0,False,True,False,True,0.0,0.0,0.0,0.0,8,4.7,16,0.0,0.0
156350,2019,47050,29299.0,8.0,True,True,False,True,0.0,0.0,0.0,0.0,8,2.0,16,0.0,0.0
86462,2024,38970,25998.0,13.0,False,True,True,False,0.0,0.0,0.0,0.0,2,1.5,12,0.0,0.0
29754,2022,60117,18400.0,14.0,False,True,True,False,0.0,0.0,0.0,0.0,2,1.8,16,0.0,0.0
227840,2024,8531,26998.0,11.0,False,True,True,True,0.0,0.0,0.0,0.0,8,2.5,16,0.0,0.0
176849,2022,43701,19988.0,14.0,False,True,True,True,0.0,0.0,0.0,0.0,2,1.5,16,0.0,0.0
236121,2019,165410,7477.0,15.0,True,True,False,False,0.0,0.0,0.0,0.0,7,1.5,16,0.0,0.0
129194,2022,31516,65995.0,6.1,False,True,False,True,0.0,0.0,0.0,0.0,10,6.7,16,0.0,0.0
134210,2021,52600,45497.0,8.0,False,True,False,True,0.0,0.0,0.0,0.0,8,4.4,32,0.0,0.0
163625,2023,23593,27922.0,10.0,False,True,True,False,0.0,0.0,0.0,0.0,8,3.6,24,0.0,0.0
39000,2019,98121,21688.0,20.0,True,True,True,True,0.0,0.0,0.0,0.0,1,2.0,16,0.0,0.0
264013,2018,100221,19999.0,10.0,True,True,False,True,0.0,0.0,0.0,0.0,8,3.6,24,0.0,0.0
157876,2018,143035,10962.0,23.0,False,True,True,True,0.0,0.0,0.0,0.0,8,3.6,24,0.0,0.0
145040,2017,6390,52900.0,8.0,False,True,True,True,0.0,0.0,0.0,0.0,8,6.2,16,0.0,0.0
217267,2014,100734,8993.0,10.0,False,True,False,True,0.0,0.0,0.0,0.0,6,2.0,16,0.0,0.0
21102,2022,48688,41999.0,7.0,False,True,False,True,0.0,0.0,0.0,0.0,10,5.3,16,0.0,0.0
149845,2009,191238,5488.0,13.0,False,True,False,True,0.0,0.0,0.0,0.0,5,1.8,16,0.0,0.0
177162,2012,182969,17900.0,9.0,True,True,False,False,0.0,0.0,0.0,0.0,6,3.5,24,0.0,0.0
257770,2022,92538,33998.0,10.0,False,True,False,True,0.0,0.0,0.0,0.0,8,3.0,24,0.0,0.0
190441,2018,106817,19988.0,9.0,True,True,False,True,0.0,0.0,0.0,0.0,9,3.5,24,0.0,0.0
219681,2024,52964,62043.0,5.0,False,True,True,True,0.0,0.0,0.0,0.0,10,6.6,32,0.0,0.0
257070,2015,46302,17990.0,18.0,True,True,True,True,0.0,0.0,0.0,0.0,8,1.8,16,0.0,0.0
206498,2019,92284,25951.0,10.0,True,True,True,True,0.0,0.0,0.0,0.0,8,3.5,24,0.0,0.0
200486,2021,82613,40000.0,8.0,False,True,False,False,0.0,0.0,0.0,0.0,10,5.3,16,0.0,0.0
270305,2021,38293,45955.0,9.0,False,True,False,False,0.0,0.0,0.0,0.0,8,3.0,24,0.0,0.0
48004,2024,48465,62977.0,7.0,False,True,True,True,0.0,0.0,0.0,0.0,10,5.3,16,0.0,0.0
167458,2024,33165,40699.0,7.0,False,True,True,False,0.0,0.0,0.0,0.0,5,4.0,24,0.0,0.0
127212,2024,12593,43959.0,10.0,False,True,True,True,0.0,0.0,0.0,0.0,8,2.0,16,0.0,0.0
168506,2017,124448,12495.0,17.0,True,True,False,False,0.0,0.0,0.0,0.0,6,2.0,16,0.0,0.0
267618,2023,8768,56470.0,8.0,False,True,False,False,0.0,0.0,0.0,0.0,10,6.2,16,0.0,0.0
263270,2025,13236,42580.0,10.0,False,True,True,True,0.0,0.0,0.0,0.0,10,3.5,24,0.0,0.0
112184,2019,81112,29718.0,8.0,False,True,True,True,0.0,0.0,0.0,0.0,10,3.5,32,0.0,0.0
186983,2022,3426,35861.0,9.0,False,True,True,True,0.0,0.0,0.0,0.0,6,3.5,24,0.0,0.0
194745,2022,71698,27777.0,10.0,True,True,True,True,0.0,0.0,0.0,0.0,10,3.5,24,0.0,0.0
78256,2020,47593,15914.0,13.0,False,True,False,False,0.0,0.0,0.0,0.0,6,2.0,16,0.0,0.0
42255,2023,31379,27999.0,0.0,True,True,True,True,10.0,30.0,55.0,411.9,1,0.0,0,59.0,54.0
43772,2010,94361,24995.0,8.0,False,True,False,True,0.0,0.0,0.0,0.0,7,4.8,32,0.0,0.0
156439,2025,7201,35813.0,18.0,False,True,False,False,0.0,0.0,0.0,0.0,1,2.0,16,0.0,0.0
224833,2022,4645,53995.0,8.0,False,True,False,True,0.0,0.0,0.0,0.0,8,6.4,16,0.0,0.0
148913,2014,95729,23950.0,6.0,True,True,True,True,0.0,0.0,0.0,0.0,6,5.7,32,0.0,0.0
229140,2009,64144,8499.0,13.0,True,True,False,False,0.0,0.0,0.0,0.0,8,1.8,16,0.0,0.0
211598,2025,2080,32999.0,20.0,True,True,True,False,0.0,0.0,0.0,0.0,2,2.5,16,0.0,0.0
202778,2012,106674,8998.0,9.0,True,True,False,True,0.0,0.0,0.0,0.0,6,3.5,24,0.0,0.0
195050,2024,7071,45999.0,8.0,False,True,True,True,0.0,0.0,0.0,0.0,10,2.7,16,0.0,0.0
257603,2023,40184,41995.0,8.0,False,True,False,False,0.0,0.0,0.0,0.0,10,5.0,24,0.0,0.0
160847,2024,38628,52994.0,6.0,False,True,True,False,0.0,0.0,0.0,0.0,10,6.7,32,0.0,0.0
25052,2018,158012,10152.0,10.0,False,True,True,True,0.0,0.0,0.0,0.0,8,3.6,24,0.0,0.0
243730,2024,12569,41922.0,8.0,False,True,True,False,0.0,0.0,0.0,0.0,8,3.6,24,0.0,0.0
201679,2018,42619,29995.0,8.0,False,True,False,True,0.0,0.0,0.0,0.0,10,3.5,24,0.0,0.0
255937,2007,173828,4950.0,24.0,True,True,False,True,0.0,0.0,0.0,0.0,6,1.5,16,0.0,0.0
95566,2023,29791,28500.0,14.0,False,True,True,True,0.0,0.0,0.0,0.0,2,1.5,16,0.0,0.0
171189,2016,48309,19795.0,17.0,False,True,True,False,0.0,0.0,0.0,0.0,8,2.5,16,0.0,0.0
171403,2017,96936,21522.0,8.0,False,True,False,True,0.0,0.0,0.0,0.0,5,3.6,24,0.0,0.0
24262,2022,70124,26958.0,8.0,True,True,False,True,0.0,0.0,0.0,0.0,8,2.0,16,0.0,0.0
8393,2018,74672,25900.0,8.0,True,True,False,False,0.0,0.0,0.0,0.0,6,5.3,16,0.0,0.0
219448,2019,57265,16898.0,13.0,False,True,False,True,0.0,0.0,0.0,0.0,7,2.5,16,0.0,0.0
14263,2024,20302,27426.0,10.0,False,True,True,True,0.0,0.0,0.0,0.0,8,2.0,16,0.0,0.0
206520,2023,50339,35396.0,8.0,False,True,True,False,0.0,0.0,0.0,0.0,8,5.3,16,0.0,0.0
51673,2024,7615,41426.0,8.0,False,True,True,True,0.0,0.0,0.0,0.0,6,5.0,32,0.0,0.0
196771,2016,105731,17325.0,8.0,True,True,False,True,0.0,0.0,0.0,0.0,5,3.6,24,0.0,0.0
199155,2022,39484,22459.0,15.0,False,True,False,True,0.0,0.0,0.0,0.0,1,2.0,16,0.0,0.0
21189,2023,56872,37600.0,10.0,True,True,True,True,0.0,0.0,0.0,0.0,8,2.4,16,0.0,0.0
258787,2018,103498,28495.0,8.0,True,True,True,True,0.0,0.0,0.0,0.0,5,4.0,24,0.0,0.0
128136,2018,36224,36995.0,8.0,True,True,False,True,0.0,0.0,0.0,0.0,10,5.0,32,0.0,0.0
95154,2020,71397,26900.0,10.0,True,True,False,True,0.0,0.0,0.0,0.0,10,3.3,16,0.0,0.0
140566,2020,42724,17990.0,14.0,True,True,False,True,0.0,0.0,0.0,0.0,8,1.8,16,0.0,0.0
81271,2023,32133,29350.0,8.0,False,True,True,False,0.0,0.0,0.0,0.0,8,3.6,24,0.0,0.0
267115,2023,7677,67995.0,7.0,False,True,True,True,0.0,0.0,0.0,0.0,8,6.2,16,0.0,0.0
91056,2019,34565,23068.0,10.0,False,True,False,True,0.0,0.0,0.0,0.0,8,3.6,24,0.0,0.0
142158,2021,78687,62000.0,6.0,False,True,False,True,0.0,0.0,0.0,0.0,10,6.7,32,0.0,0.0
196764,2017,149057,8583.0,18.0,False,True,False,False,0.0,0.0,0.0,0.0,2,2.0,16,0.0,0.0
138784,2020,82350,49981.0,5.0,True,True,False,False,0.0,0.0,0.0,0.0,6,6.6,32,0.0,0.0
138823,2021,41403,27500.0,9.0,False,True,False,True,0.0,0.0,0.0,0.0,8,3.6,24,0.0,0.0
211389,2021,25950,54995.0,8.0,False,True,True,True,0.0,0.0,0.0,0.0,10,3.5,24,0.0,0.0
144248,2024,31811,58988.0,9.0,False,True,True,True,0.0,0.0,0.0,0.0,8,2.0,16,0.0,0.0
16700,2023,13741,30990.0,13.0,False,True,True,True,0.0,0.0,0.0,0.0,8,1.5,16,0.0,0.0
269571,2024,4434,35999.0,16.0,False,True,True,True,0.0,0.0,0.0,0.0,1,2.0,16,0.0,0.0
61391,2019,53777,31995.0,11.0,True,True,False,False,0.0,0.0,0.0,0.0,7,3.0,24,0.0,0.0
112123,2024,16325,44990.0,7.0,False,True,True,True,0.0,0.0,0.0,0.0,10,2.7,16,0.0,0.0
271089,2023,46481,43490.0,7.0,True,True,True,True,0.0,0.0,0.0,0.0,5,4.0,24,0.0,0.0
175718,2016,143901,16995.0,9.0,False,True,False,True,0.0,0.0,0.0,0.0,8,3.0,24,0.0,0.0
204996,2024,15939,40418.0,7.0,False,True,True,False,0.0,0.0,0.0,0.0,5,4.0,24,0.0,0.0
29791,2023,47325,46685.0,7.0,False,True,True,True,0.0,0.0,0.0,0.0,5,4.0,24,0.0,0.0
220437,2022,33544,35986.0,8.0,False,True,False,True,0.0,0.0,0.0,0.0,10,5.0,32,0.0,0.0
253124,2017,103238,28000.0,8.0,False,True,True,True,0.0,0.0,0.0,0.0,5,4.0,24,0.0,0.0
29171,2024,39565,44675.0,7.0,False,True,True,True,0.0,0.0,0.0,0.0,10,5.3,16,0.0,0.0
228078,2023,67530,22471.0,13.0,False,True,False,False,0.0,0.0,0.0,0.0,2,1.5,12,0.0,0.0
251810,2015,50000,12500.0,16.0,True,True,False,False,0.0,0.0,0.0,0.0,6,2.0,16,0.0,0.0
104381,2024,4671,25604.0,14.0,True,True,True,True,0.0,0.0,0.0,0.0,8,2.5,16,0.0,0.0
99395,2023,49477,20594.0,12.0,False,True,True,False,0.0,0.0,0.0,0.0,8,1.5,12,0.0,0.0
200831,2022,30716,22990.0,13.0,False,True,True,True,0.0,0.0,0.0,0.0,2,1.5,12,0.0,0.0
71938,2024,3547,26500.0,11.0,True,True,True,False,0.0,0.0,0.0,0.0,8,2.0,16,0.0,0.0
10710,2022,32644,32991.0,11.0,False,True,True,True,0.0,0.0,0.0,0.0,8,3.5,24,0.0,0.0
53000,2022,24323,22900.0,12.0,False,True,True,True,0.0,0.0,0.0,0.0,8,1.5,12,0.0,0.0
64273,2018,93302,15963.0,12.0,True,True,True,False,0.0,0.0,0.0,0.0,6,2.5,16,0.0,0.0
267051,2023,25255,49145.0,10.0,False,True,True,True,0.0,0.0,0.0,0.0,8,3.0,24,0.0,0.0
216449,2022,22379,20995.0,15.0,False,True,True,True,0.0,0.0,0.0,0.0,6,2.0,16,0.0,0.0
1355,2020,86051,20984.0,9.0,True,True,True,True,0.0,0.0,0.0,0.0,9,3.6,24,0.0,0.0
85168,2021,71892,24760.0,12.0,False,True,False,True,0.0,0.0,0.0,0.0,8,2.5,16,0.0,0.0
50825,2021,27855,31995.0,11.0,False,True,False,True,0.0,0.0,0.0,0.0,8,3.5,24,0.0,0.0
237310,2023,51964,24890.0,14.0,False,True,True,True,0.0,0.0,0.0,0.0,2,1.5,16,0.0,0.0
246438,2019,60948,30629.0,10.0,True,True,True,True,0.0,0.0,0.0,0.0,8,3.5,24,0.0,0.0
65004,2019,60885,19980.0,8.0,False,True,False,True,0.0,0.0,0.0,0.0,6,3.6,24,0.0,0.0
44729,2019,43642,23244.0,12.0,False,True,False,True,0.0,0.0,0.0,0.0,9,2.0,16,0.0,0.0
160657,2024,2734,54529.0,9.0,False,True,True,True,0.0,0.0,0.0,0.0,10,3.5,24,0.0,0.0
231579,2016,131939,24588.0,8.0,False,True,False,True,0.0,0.0,0.0,0.0,6,5.3,16,0.0,0.0
38355,2023,13929,27990.0,13.0,False,True,True,True,0.0,0.0,0.0,0.0,8,1.5,16,0.0,0.0
83345,2016,160114,12645.0,13.0,True,True,False,False,0.0,0.0,0.0,0.0,6,2.5,16,0.0,0.0
253755,2021,47291,28200.0,9.0,False,True,True,True,0.0,0.0,0.0,0.0,8,3.6,24,0.0,0.0
110060,2021,13615,64977.0,9.0,False,True,False,True,0.0,0.0,0.0,0.0,8,6.2,16,0.0,0.0
131841,2021,36673,28000.0,16.0,False,True,True,True,0.0,0.0,0.0,0.0,2,2.0,16,0.0,0.0
228370,2022,35907,72000.0,6.0,True,True,False,False,0.0,0.0,0.0,0.0,10,6.7,32,0.0,0.0
83299,2007,103000,27585.0,5.0,False,True,False,True,0.0,0.0,0.0,0.0,6,6.6,32,0.0,0.0
65943,2012,84256,12990.0,10.0,True,True,False,True,0.0,0.0,0.0,0.0,6,3.6,24,0.0,0.0
44310,2020,80604,23999.0,10.0,True,True,True,False,0.0,0.0,0.0,0.0,8,3.5,24,0.0,0.0
218244,2024,16204,31428.0,10.0,False,True,True,True,0.0,0.0,0.0,0.0,8,2.4,16,0.0,0.0
52908,2023,39686,25998.0,14.0,False,True,True,False,0.0,0.0,0.0,0.0,8,2.5,16,0.0,0.0
200989,2023,41838,47490.0,8.0,False,True,True,True,0.0,0.0,0.0,0.0,8,6.4,16,0.0,0.0
211832,2021,36687,29985.0,12.0,False,True,False,True,0.0,0.0,0.0,0.0,9,2.0,16,0.0,0.0
100647,2017,95973,12795.0,11.0,True,True,False,False,0.0,0.0,0.0,0.0,6,1.5,16,0.0,0.0
25855,2023,49104,18695.0,14.0,False,True,True,True,0.0,0.0,0.0,0.0,2,2.0,16,0.0,0.0
90266,2018,120224,18299.0,9.0,True,True,False,True,0.0,0.0,0.0,0.0,8,5.7,16,0.0,0.0
203546,2024,28082,25842.0,13.0,False,True,True,False,0.0,0.0,0.0,0.0,8,1.59,16,0.0,0.0
63934,2025,6144,34203.0,13.0,False,True,False,False,0.0,0.0,0.0,0.0,8,2.5,16,0.0,0.0
180927,2024,35685,63900.0,7.0,False,True,False,True,0.0,0.0,0.0,0.0,10,6.2,16,0.0,0.0
241414,2017,119401,46000.0,6.0,True,True,False,False,0.0,0.0,0.0,0.0,6,6.7,32,0.0,0.0
17369,2022,32073,40742.0,5.0,False,True,True,True,0.0,0.0,0.0,0.0,10,3.5,24,0.0,0.0
12024,2017,92445,27424.0,9.0,False,True,False,True,0.0,0.0,0.0,0.0,6,6.2,16,0.0,0.0
151105,2016,25557,31944.0,8.0,False,True,False,False,0.0,0.0,0.0,0.0,6,5.0,32,0.0,0.0
245099,2016,117995,14998.0,14.0,True,True,False,True,0.0,0.0,0.0,0.0,4,1.8,16,0.0,0.0
88736,2024,22669,51890.0,7.0,False,True,False,True,0.0,0.0,0.0,0.0,10,2.3,16,0.0,0.0
104528,2024,17452,22900.0,13.0,True,False,True,False,0.0,0.0,0.0,0.0,6,2.5,16,0.0,0.0
240957,2023,64365,24495.0,10.0,False,True,False,False,0.0,0.0,0.0,0.0,8,3.6,24,0.0,0.0
97165,2019,38190,24991.0,13.0,False,True,False,True,0.0,0.0,0.0,0.0,6,1.5,16,0.0,0.0
192858,2020,71643,20467.0,11.0,False,True,False,True,0.0,0.0,0.0,0.0,6,2.5,16,0.0,0.0
268193,2024,9062,48988.0,8.0,False,True,True,True,0.0,0.0,0.0,0.0,10,5.0,32,0.0,0.0
77775,2025,11835,61404.0,7.0,False,True,True,True,0.0,0.0,0.0,0.0,10,6.2,24,0.0,0.0
153760,2019,99378,29437.0,8.0,False,True,True,True,0.0,0.0,0.0,0.0,5,4.0,24,0.0,0.0
228042,2015,144278,14999.0,9.0,True,True,False,True,0.0,0.0,0.0,0.0,6,3.5,24,0.0,0.0
52097,2021,54207,20995.0,0.0,True,True,True,True,10.0,27.0,82.0,509.2,1,0.0,0,60.0,54.0
206731,2021,41046,31840.0,9.0,False,True,True,True,0.0,0.0,0.0,0.0,8,3.6,24,0.0,0.0
98950,2023,4504,38557.0,8.0,False,True,True,True,0.0,0.0,0.0,0.0,8,3.6,24,0.0,0.0
96491,2019,80740,23788.0,29.4,False,True,False,True,0.0,0.0,0.0,0.0,8,3.6,16,0.0,0.0
39877,2020,66983,23990.0,10.0,False,True,True,True,0.0,0.0,0.0,0.0,10,2.3,16,0.0,0.0
46290,2013,90047,13999.0,13.0,False,True,False,True,0.0,0.0,0.0,0.0,6,2.4,16,0.0,0.0
89335,2017,122348,24990.0,8.0,False,True,True,True,0.0,0.0,0.0,0.0,6,5.3,16,0.0,0.0
133035,2023,5403,44839.0,8.0,False,True,True,True,0.0,0.0,0.0,0.0,8,6.4,16,0.0,0.0
116082,2020,27202,26787.0,10.0,False,True,True,False,0.0,0.0,0.0,0.0,10,2.3,16,0.0,0.0
135619,2022,81776,21652.0,11.0,True,True,True,False,0.0,0.0,0.0,0.0,8,2.0,16,0.0,0.0
152380,2008,103015,7500.0,9.0,True,True,False,False,0.0,0.0,0.0,0.0,4,3.3,12,0.0,0.0
62004,2021,75325,37900.0,8.0,False,True,True,True,0.0,0.0,0.0,0.0,10,5.3,16,0.0,0.0
269788,2018,135568,17450.0,8.0,True,True,False,False,0.0,0.0,0.0,0.0,6,3.7,24,0.0,0.0
8455,2016,305,1000803.0,8.0,False,True,False,False,0.0,0.0,0.0,0.0,7,3.0,24,0.0,0.0
48321,2024,13005,29000.0,19.0,True,True,True,True,0.0,0.0,0.0,0.0,8,2.5,16,0.0,0.0
254156,2022,67405,55500.0,5.0,True,True,True,True,0.0,0.0,0.0,0.0,10,6.6,32,0.0,0.0
119018,2025,11945,92815.0,5.0,False,True,True,True,0.0,0.0,0.0,0.0,10,6.6,32,0.0,0.0
249298,2025,4881,26000.0,14.0,False,True,False,False,0.0,0.0,0.0,0.0,6,2.0,16,0.0,0.0
210620,2020,110592,13660.0,10.0,False,True,False,False,0.0,0.0,0.0,0.0,8,3.6,24,0.0,0.0
191586,2024,18639,19490.0,13.0,False,True,True,False,0.0,0.0,0.0,0.0,2,1.5,16,0.0,0.0
174590,2024,10658,51985.0,6.0,False,True,True,True,0.0,0.0,0.0,0.0,10,6.8,16,0.0,0.0
111694,2024,14945,30330.0,13.0,False,True,True,True,0.0,0.0,0.0,0.0,2,1.5,12,0.0,0.0
110778,2020,44216,16995.0,15.0,True,True,False,True,0.0,0.0,0.0,0.0,6,2.0,16,0.0,0.0
213603,2020,78368,21999.0,13.0,False,True,True,True,0.0,0.0,0.0,0.0,8,2.5,16,0.0,0.0
248186,2022,53498,18799.0,6.0,True,True,True,False,0.0,0.0,0.0,0.0,6,2.0,16,0.0,0.0
142420,2023,55328,23434.0,13.0,True,True,True,False,0.0,0.0,0.0,0.0,2,1.5,12,0.0,0.0
205556,2013,146313,5495.0,9.0,False,True,False,True,0.0,0.0,0.0,0.0,6,3.6,24,0.0,0.0
35601,2010,91172,11995.0,21.0,True,True,False,True,0.0,0.0,0.0,0.0,6,1.8,16,0.0,0.0
228258,2022,46684,18595.0,12.0,True,True,True,False,0.0,0.0,0.0,0.0,8,2.0,16,0.0,0.0
12908,2023,54498,23976.0,10.0,True,True,True,False,0.0,0.0,0.0,0.0,8,2.0,16,0.0,0.0
246067,2018,39865,26989.0,25.8,False,True,False,True,0.0,0.0,0.0,0.0,8,1.5,16,0.0,0.0
85057,1980,11384,49995.0,7.5,False,True,False,False,0.0,0.0,0.0,0.0,8,3.8,16,0.0,0.0
208104,2025,6139,51770.0,9.0,False,True,False,False,0.0,0.0,0.0,0.0,10,3.0,24,0.0,0.0
244576,2022,39909,20696.0,10.0,False,True,True,False,0.0,0.0,0.0,0.0,8,3.6,24,0.0,0.0
212274,2018,46692,27225.0,10.0,False,True,True,True,0.0,0.0,0.0,0.0,8,2.0,24,0.0,0.0
154682,2025,287,84409.0,6.0,False,True,True,False,0.0,0.0,0.0,0.0,10,6.7,32,0.0,0.0
37667,2021,121030,29000.0,6.0,False,True,True,True,0.0,0.0,0.0,0.0,6,5.7,32,0.0,0.0
190186,2023,21979,28788.0,10.0,False,True,True,True,0.0,0.0,0.0,0.0,6,2.5,16,0.0,0.0
227284,2022,36836,27750.0,13.0,False,True,True,True,0.0,0.0,0.0,0.0,7,2.5,16,0.0,0.0
100746,2024,34567,19950.0,13.0,False,True,True,False,0.0,0.0,0.0,0.0,2,1.5,16,0.0,0.0
20989,2024,71206,43999.0,15.0,False,True,True,False,0.0,0.0,0.0,0.0,8,2.5,16,0.0,0.0
75407,2023,5585,39998.0,11.0,False,True,True,True,0.0,0.0,0.0,0.0,7,2.0,16,0.0,0.0
164339,2022,45551,58998.0,9.0,False,True,True,True,0.0,0.0,0.0,0.0,8,3.5200000000000005,16,0.0,0.0
233496,2023,66256,27277.0,11.0,False,True,True,False,0.0,0.0,0.0,0.0,7,2.0,16,0.0,0.0
228806,2018,67860,19200.0,10.0,False,True,False,False,0.0,0.0,0.0,0.0,8,3.6,24,0.0,0.0
95896,2023,24456,27995.0,11.0,True,True,True,True,0.0,0.0,0.0,0.0,8,2.5,16,0.0,0.0
196458,2024,35297,21599.0,14.0,False,True,False,False,0.0,0.0,0.0,0.0,2,1.5,16,0.0,0.0
226872,2024,16538,63523.0,10.0,False,True,True,True,0.0,0.0,0.0,0.0,10,3.5,24,0.0,0.0
201354,2025,3719,27797.0,14.0,False,True,True,True,0.0,0.0,0.0,0.0,10,1.5,16,0.0,0.0
246827,2019,24356,41995.0,9.0,True,True,False,False,0.0,0.0,0.0,0.0,8,3.0,24,0.0,0.0
169026,2025,9346,51499.0,8.0,False,True,True,True,0.0,0.0,0.0,0.0,10,3.4,24,0.0,0.0
252370,2023,26558,63385.0,6.0,False,True,False,True,0.0,0.0,0.0,0.0,10,7.3,16,0.0,0.0
5796,2016,57236,37990.0,9.0,True,True,False,True,0.0,0.0,0.0,0.0,7,3.0,24,0.0,0.0
61052,2023,45000,38945.0,15.0,False,True,True,True,0.0,0.0,0.0,0.0,2,2.5,16,0.0,0.0
148105,2018,11852,76991.0,8.0,False,True,False,True,0.0,0.0,0.0,0.0,8,6.2,16,0.0,0.0
117881,2022,116740,23132.0,13.0,True,True,True,True,0.0,0.0,0.0,0.0,1,1.5,16,0.0,0.0
95731,2024,5720,55998.0,7.0,False,True,True,True,0.0,0.0,0.0,0.0,5,4.0,24,0.0,0.0
72445,2023,38620,34869.0,8.0,True,True,True,False,0.0,0.0,0.0,0.0,6,3.5,24,0.0,0.0
91314,2015,75000,31000.0,8.0,False,True,False,True,0.0,0.0,0.0,0.0,7,4.8,16,0.0,0.0
106717,2022,21710,65498.0,11.0,False,True,True,True,0.0,0.0,0.0,0.0,9,3.0,24,0.0,0.0
136351,2014,124800,10990.0,13.0,False,True,False,True,0.0,0.0,0.0,0.0,5,2.4,16,0.0,0.0
215686,2014,101535,15998.0,8.0,False,True,False,True,0.0,0.0,0.0,0.0,6,3.5,24,0.0,0.0
127567,2021,95755,19718.0,11.0,False,True,True,True,0.0,0.0,0.0,0.0,8,2.0,16,0.0,0.0
203782,2015,138672,8500.0,13.0,True,True,False,True,0.0,0.0,0.0,0.0,6,2.5,16,0.0,0.0
38016,2023,21528,45971.0,8.0,False,True,True,True,0.0,0.0,0.0,0.0,6,3.5,24,0.0,0.0
174985,2018,65881,21988.0,8.2,True,True,False,False,0.0,0.0,0.0,0.0,6,4.3,16,0.0,0.0
201837,2018,81298,18495.0,14.0,False,True,True,True,0.0,0.0,0.0,0.0,6,1.5,16,0.0,0.0
83943,2022,36236,24410.0,10.0,False,True,True,True,0.0,0.0,0.0,0.0,8,2.0,16,0.0,0.0
219123,2024,8446,31776.0,17.0,False,True,True,False,0.0,0.0,0.0,0.0,2,2.5,16,0.0,0.0
231299,2021,96756,19995.0,9.1,False,True,True,False,0.0,0.0,0.0,0.0,8,2.0,16,0.0,0.0
63505,2022,43188,24115.0,14.0,False,True,True,True,0.0,0.0,0.0,0.0,6,2.0,16,0.0,0.0
191997,2023,28018,23679.0,14.0,True,True,True,False,0.0,0.0,0.0,0.0,2,1.5,12,0.0,0.0
260573,2018,101581,15195.0,13.0,False,True,False,False,0.0,0.0,0.0,0.0,7,2.5,16,0.0,0.0
217056,2023,30005,51216.0,7.0,False,True,True,False,0.0,0.0,0.0,0.0,5,4.0,24,0.0,0.0
25950,2016,68309,12949.0,17.0,True,True,False,True,0.0,0.0,0.0,0.0,6,2.5,16,0.0,0.0
225152,2022,31311,26199.0,13.0,False,True,False,True,0.0,0.0,0.0,0.0,8,1.5,16,0.0,0.0
140801,2022,71460,22999.0,10.0,False,True,True,False,0.0,0.0,0.0,0.0,9,3.6,24,0.0,0.0
10189,2019,48155,36795.0,10.0,False,True,True,False,0.0,0.0,0.0,0.0,8,2.0,16,0.0,0.0
21496,2021,50270,26558.0,10.0,False,True,True,True,0.0,0.0,0.0,0.0,9,3.5,24,0.0,0.0
4235,2019,89631,21990.0,10.0,True,True,False,True,0.0,0.0,0.0,0.0,8,3.5,24,0.0,0.0
113372,2015,109593,23495.0,8.0,True,True,False,True,0.0,0.0,0.0,0.0,6,5.3,16,0.0,0.0
198147,2006,102669,12839.0,9.0,False,True,False,True,0.0,0.0,0.0,0.0,8,2.7,16,0.0,0.0
193051,2017,119383,11985.0,10.0,True,True,False,False,0.0,0.0,0.0,0.0,9,3.6,24,0.0,0.0
177920,2022,70456,21491.0,11.0,False,True,False,True,0.0,0.0,0.0,0.0,8,2.0,16,0.0,0.0
4842,2022,50148,36999.0,8.0,False,True,True,True,0.0,0.0,0.0,0.0,8,3.6,24,0.0,0.0
261462,2023,12485,46995.0,9.0,False,True,True,True,0.0,0.0,0.0,0.0,10,3.5,24,0.0,0.0
211220,2021,46220,30998.0,11.0,False,True,False,True,0.0,0.0,0.0,0.0,8,2.0,16,0.0,0.0
199712,2025,7168,39451.0,10.0,False,True,True,False,0.0,0.0,0.0,0.0,8,2.5,16,0.0,0.0
131469,2024,30437,45940.0,8.0,False,True,True,True,0.0,0.0,0.0,0.0,10,3.4,24,0.0,0.0
72584,2020,56675,31900.0,9.0,False,True,False,True,0.0,0.0,0.0,0.0,8,3.6,16,0.0,0.0
265268,2024,5041,51900.0,6.0,False,True,True,True,0.0,0.0,0.0,0.0,10,6.7,32,0.0,0.0
229626,2017,121180,16997.0,10.0,True,True,False,True,0.0,0.0,0.0,0.0,6,3.6,24,0.0,0.0
149284,2025,11912,51000.0,15.0,False,True,True,True,0.0,0.0,0.0,0.0,8,2.5,16,0.0,0.0
229429,2023,69655,25700.0,10.0,False,True,False,False,0.0,0.0,0.0,0.0,8,3.6,24,0.0,0.0
150063,2020,51530,24600.0,13.0,False,True,True,True,0.0,0.0,0.0,0.0,1,1.5,16,0.0,0.0
238247,2024,26107,56694.0,11.0,False,True,False,True,0.0,0.0,0.0,0.0,10,3.0,16,0.0,0.0
139777,2018,72895,17900.0,11.0,False,True,True,True,0.0,0.0,0.0,0.0,10,2.3,16,0.0,0.0
74867,2022,69284,19478.0,10.0,False,True,True,False,0.0,0.0,0.0,0.0,10,2.3,16,0.0,0.0
264942,2024,12543,26757.0,14.0,False,True,True,True,0.0,0.0,0.0,0.0,8,1.5,16,0.0,0.0
149146,2023,12753,35995.0,8.0,False,True,True,True,0.0,0.0,0.0,0.0,8,3.6,16,0.0,0.0
138396,2013,146710,3500.0,11.0,False,True,False,False,0.0,0.0,0.0,0.0,4,2.5,16,0.0,0.0
233704,2004,130400,3990.0,10.3,True,True,True,True,0.0,0.0,0.0,0.0,5,3.0,16,0.0,0.0
82125,2023,51601,29850.0,9.0,False,True,True,False,0.0,0.0,0.0,0.0,6,2.7,24,0.0,0.0
188201,2014,103363,16999.0,8.0,False,True,True,True,0.0,0.0,0.0,0.0,5,3.6,24,0.0,0.0
142159,2025,2084,27982.0,12.0,False,True,True,True,0.0,0.0,0.0,0.0,8,1.5,12,0.0,0.0
106742,2025,4665,60003.0,9.0,False,True,True,True,0.0,0.0,0.0,0.0,10,3.5,24,0.0,0.0
221069,2017,56000,17997.0,13.0,True,True,False,False,0.0,0.0,0.0,0.0,7,2.4,16,0.0,0.0
214190,2022,21002,28613.0,10.0,True,True,True,False,0.0,0.0,0.0,0.0,8,2.0,16,0.0,0.0
192607,2021,15969,27981.0,10.0,True,True,True,True,0.0,0.0,0.0,0.0,8,2.0,16,0.0,0.0
198296,2022,98669,27995.0,8.0,False,True,True,True,0.0,0.0,0.0,0.0,8,2.7,16,0.0,0.0
153360,2019,154103,20000.0,8.0,False,True,False,False,0.0,0.0,0.0,0.0,6,3.7,24,0.0,0.0
30323,2024,11196,78888.0,8.0,False,True,False,False,0.0,0.0,0.0,0.0,8,3.0,24,0.0,0.0
140726,2024,15212,31900.0,17.0,False,True,True,False,0.0,0.0,0.0,0.0,2,2.5,16,0.0,0.0
81159,2019,133589,17989.0,10.0,False,True,False,True,0.0,0.0,0.0,0.0,8,3.6,24,0.0,0.0
38614,2019,22979,19444.0,15.0,False,True,False,True,0.0,0.0,0.0,0.0,8,2.5,16,0.0,0.0
44150,2021,12934,61930.0,9.0,False,True,False,True,0.0,0.0,0.0,0.0,8,6.2,16,0.0,0.0
146834,2018,53650,63498.0,9.0,False,True,True,False,0.0,0.0,0.0,0.0,8,4.0,32,0.0,0.0
168996,2021,57443,33995.0,8.0,False,True,True,True,0.0,0.0,0.0,0.0,10,5.0,32,0.0,0.0
199915,2019,136550,22994.0,9.0,False,True,False,True,0.0,0.0,0.0,0.0,10,2.7,24,0.0,0.0
59843,2024,3786,23490.0,13.0,True,True,True,True,0.0,0.0,0.0,0.0,8,1.5,16,0.0,0.0
134715,2021,15785,28998.0,12.0,True,True,False,False,0.0,0.0,0.0,0.0,9,2.0,16,0.0,0.0
170960,2019,46855,17293.0,14.0,False,True,False,True,0.0,0.0,0.0,0.0,1,2.0,16,0.0,0.0
190112,2022,87448,42000.0,7.0,False,True,True,True,0.0,0.0,0.0,0.0,10,5.3,16,0.0,0.0
225111,2017,82879,16254.0,12.0,True,True,True,True,0.0,0.0,0.0,0.0,6,2.5,16,0.0,0.0
72099,2016,15763,22998.0,13.0,False,True,False,True,0.0,0.0,0.0,0.0,6,2.0,16,0.0,0.0
235700,2023,25130,33990.0,8.0,False,True,True,False,0.0,0.0,0.0,0.0,10,3.5,24,0.0,0.0
49023,2024,17458,56074.0,9.0,False,True,True,True,0.0,0.0,0.0,0.0,8,2.0,16,0.0,0.0
56295,2019,87234,21888.0,8.0,True,True,True,False,0.0,0.0,0.0,0.0,6,3.5,24,0.0,0.0
106494,2013,17298,84994.0,10.0,True,True,True,True,0.0,0.0,0.0,0.0,7,3.8,24,0.0,0.0
172186,2025,8681,35995.0,12.0,False,True,False,False,0.0,0.0,0.0,0.0,7,2.5,16,0.0,0.0
27613,2023,32216,23227.0,14.0,False,True,True,True,0.0,0.0,0.0,0.0,2,1.5,12,0.0,0.0
66308,2014,90112,13990.0,12.0,False,True,False,True,0.0,0.0,0.0,0.0,6,3.6,24,0.0,0.0
248222,2025,4282,162590.0,9.0,False,True,False,True,0.0,0.0,0.0,0.0,8,3.0,24,0.0,0.0
90757,2021,18500,37900.0,8.0,False,True,False,True,0.0,0.0,0.0,0.0,6,6.4,16,0.0,0.0
120463,2019,107281,27000.0,8.0,False,True,False,True,0.0,0.0,0.0,0.0,8,5.3,16,0.0,0.0
94943,2021,28843,32132.0,8.0,False,True,True,True,0.0,0.0,0.0,0.0,8,3.6,24,0.0,0.0
251933,2023,5551,24660.0,12.0,False,True,True,True,0.0,0.0,0.0,0.0,8,1.5,12,0.0,0.0
61374,2020,44747,17998.0,14.0,False,True,False,False,0.0,0.0,0.0,0.0,2,1.5,16,0.0,0.0
165121,2011,124701,10276.0,12.0,True,True,False,True,0.0,0.0,0.0,0.0,5,2.4,16,0.0,0.0
87641,2021,25187,37661.0,8.0,True,True,False,True,0.0,0.0,0.0,0.0,6,3.5,24,0.0,0.0
224945,2012,174280,7495.0,13.0,True,True,False,True,0.0,0.0,0.0,0.0,6,2.5,16,0.0,0.0
158441,2017,75533,17167.0,5.0,False,True,False,False,0.0,0.0,0.0,0.0,7,2.0,16,0.0,0.0
38718,2009,197000,8000.0,6.1,True,True,False,True,0.0,0.0,0.0,0.0,6,6.6,16,0.0,0.0
65248,2023,13880,24977.0,0.0,False,True,True,True,7.0,30.0,77.0,406.3,1,0.0,0,44.0,40.0
116954,2012,135272,12950.0,8.0,True,True,True,True,0.0,0.0,0.0,0.0,5,3.5,16,0.0,0.0
209838,2017,160979,8990.0,12.0,False,True,False,True,0.0,0.0,0.0,0.0,6,2.5,16,0.0,0.0
255148,2020,89154,21595.0,10.0,True,True,False,False,0.0,0.0,0.0,0.0,9,3.6,24,0.0,0.0
33337,2024,33856,46259.0,7.0,False,True,True,False,0.0,0.0,0.0,0.0,5,4.0,24,0.0,0.0
179721,2022,30443,28949.0,17.0,False,True,True,False,0.0,0.0,0.0,0.0,2,2.5,16,0.0,0.0
8192,2012,100860,12500.0,10.0,True,True,False,True,0.0,0.0,0.0,0.0,6,3.5,24,0.0,0.0
21894,2021,49231,39898.0,7.0,False,True,True,True,0.0,0.0,0.0,0.0,5,4.0,24,0.0,0.0
65321,2022,8016,22800.0,15.0,True,True,True,True,0.0,0.0,0.0,0.0,6,2.0,16,0.0,0.0
137191,2018,67561,15995.0,9.0,True,True,False,False,0.0,0.0,0.0,0.0,6,3.6,24,0.0,0.0
6738,2023,51708,22499.0,13.0,False,True,True,True,0.0,0.0,0.0,0.0,8,1.5,12,0.0,0.0
144129,2023,4453,274900.0,3.0,False,True,True,True,0.0,0.0,0.0,0.0,8,3.8,24,0.0,0.0
169943,2008,54352,15750.0,5.0,True,True,True,True,0.0,0.0,0.0,0.0,5,6.4,32,0.0,0.0
242516,2022,59048,41905.0,8.9,False,True,False,True,0.0,0.0,0.0,0.0,10,3.5,16,0.0,0.0
171996,2024,198,35999.0,8.0,False,True,True,False,0.0,0.0,0.0,0.0,8,2.7,16,0.0,0.0
7550,2020,96547,24995.0,0.0,True,True,True,True,8.0,25.0,50.0,351.6,1,0.0,0,59.0,53.0
4312,2025,189,48419.0,14.2,False,True,True,True,0.0,0.0,0.0,0.0,7,2.0,16,0.0,0.0
143461,2021,25980,22490.0,12.0,False,True,False,True,0.0,0.0,0.0,0.0,8,2.5,16,0.0,0.0
100934,2023,27900,39983.0,7.0,False,True,False,True,0.0,0.0,0.0,0.0,5,4.0,24,0.0,0.0
12860,2022,24940,21990.0,14.0,False,True,True,True,0.0,0.0,0.0,0.0,1,2.5,16,0.0,0.0
57759,2015,119185,11995.0,13.0,True,True,False,False,0.0,0.0,0.0,0.0,6,2.5,16,0.0,0.0
58540,2023,51380,33900.0,10.0,False,True,True,True,0.0,0.0,0.0,0.0,10,3.5,24,0.0,0.0
32446,2017,160926,8800.0,6.0,False,True,True,True,0.0,0.0,0.0,0.0,6,6.0,16,0.0,0.0
161277,2023,20448,41000.0,7.0,False,True,True,True,0.0,0.0,0.0,0.0,10,3.5,24,0.0,0.0
149988,2020,74262,54875.0,6.0,False,True,True,True,0.0,0.0,0.0,0.0,10,6.6,32,0.0,0.0
59398,2023,41027,48999.0,10.0,False,True,False,True,0.0,0.0,0.0,0.0,8,3.0,24,0.0,0.0
263042,2011,207872,8500.0,6.0,True,True,False,False,0.0,0.0,0.0,0.0,6,6.2,16,0.0,0.0
114899,2023,36050,48900.0,15.0,False,True,True,False,0.0,0.0,0.0,0.0,8,2.5,16,0.0,0.0
113088,2024,48222,61995.0,6.0,False,True,True,True,0.0,0.0,0.0,0.0,10,6.6,32,0.0,0.0
44016,2021,36381,35000.0,9.0,True,True,True,True,0.0,0.0,0.0,0.0,10,3.0,24,0.0,0.0
162322,2022,47997,34500.0,10.0,False,True,True,True,0.0,0.0,0.0,0.0,8,3.5,24,0.0,0.0
21471,2014,149370,18950.0,8.0,False,True,False,True,0.0,0.0,0.0,0.0,6,6.2,16,0.0,0.0
46122,2023,60747,19268.0,13.0,False,True,True,False,0.0,0.0,0.0,0.0,2,1.5,12,0.0,0.0
206554,2022,42777,30527.0,13.0,False,True,True,True,0.0,0.0,0.0,0.0,1,1.5,16,0.0,0.0
150122,2021,163125,16977.0,8.0,False,True,True,False,0.0,0.0,0.0,0.0,10,3.5,24,0.0,0.0
212681,2015,196520,12628.0,8.0,False,True,False,True,0.0,0.0,0.0,0.0,6,3.5,24,0.0,0.0
212457,2024,4215,39997.0,8.0,False,True,True,True,0.0,0.0,0.0,0.0,8,2.7,16,0.0,0.0
269299,2023,8848,25190.0,14.0,False,True,True,True,0.0,0.0,0.0,0.0,8,1.5,16,0.0,0.0
244565,2023,47234,25600.0,10.0,True,True,True,False,0.0,0.0,0.0,0.0,8,3.6,16,0.0,0.0
259593,2022,105667,28991.0,5.0,False,True,True,True,0.0,0.0,0.0,0.0,10,3.5,24,0.0,0.0
155874,2023,44848,26988.0,14.0,True,True,True,False,0.0,0.0,0.0,0.0,8,2.5,16,0.0,0.0
121173,2018,81685,22997.0,23.0,False,True,True,True,0.0,0.0,0.0,0.0,8,3.6,24,0.0,0.0
82891,2023,40889,64323.0,6.0,False,True,False,False,0.0,0.0,0.0,0.0,10,6.6,32,0.0,0.0
115663,2023,51445,33599.0,5.0,True,True,True,False,0.0,0.0,0.0,0.0,10,3.5,24,0.0,0.0
238830,2024,17464,26999.0,15.0,True,True,True,True,0.0,0.0,0.0,0.0,2,1.5,16,0.0,0.0
16672,2024,19646,29897.0,13.0,False,True,True,True,0.0,0.0,0.0,0.0,2,1.5,12,0.0,0.0
28685,2025,9734,48399.0,15.0,True,True,True,False,0.0,0.0,0.0,0.0,8,2.5,16,0.0,0.0
70216,2018,47835,24000.0,13.0,False,True,False,True,0.0,0.0,0.0,0.0,1,1.5,16,0.0,0.0
249541,2024,27835,26998.0,14.0,True,True,True,False,0.0,0.0,0.0,0.0,8,2.5,16,0.0,0.0
110122,2022,27934,34400.0,8.0,False,True,True,True,0.0,0.0,0.0,0.0,6,3.5,24,0.0,0.0
140455,2013,64104,13995.0,0.0,False,True,False,True,4.0,30.0,24.0,95.7,1,0.0,0,55.0,43.0
226578,2016,14625,53995.0,7.0,True,True,True,True,0.0,0.0,0.0,0.0,8,6.2,16,0.0,0.0
110867,2021,109842,16741.0,13.0,False,True,True,True,0.0,0.0,0.0,0.0,8,2.5,16,0.0,0.0
98951,2018,98898,29000.0,8.0,True,True,False,False,0.0,0.0,0.0,0.0,6,5.3,16,0.0,0.0
108222,2022,70237,19715.0,10.0,False,True,False,False,0.0,0.0,0.0,0.0,8,3.6,24,0.0,0.0
194475,2023,29689,18529.0,14.0,False,True,True,False,0.0,0.0,0.0,0.0,2,2.0,16,0.0,0.0
92825,2024,29074,17986.0,14.0,False,True,True,False,0.0,0.0,0.0,0.0,2,2.0,16,0.0,0.0
25471,2020,76518,21909.0,14.0,False,True,False,True,0.0,0.0,0.0,0.0,7,1.5,16,0.0,0.0
32204,2020,69518,38907.0,7.0,False,True,False,True,0.0,0.0,0.0,0.0,5,4.0,24,0.0,0.0
171878,2023,18298,23224.0,11.0,True,True,True,True,0.0,0.0,0.0,0.0,6,2.5,16,0.0,0.0
49554,2023,27520,22984.0,0.0,False,True,True,True,7.0,30.0,77.0,410.3,1,0.0,0,44.0,40.0
175162,2021,74594,37495.0,8.0,False,True,False,True,0.0,0.0,0.0,0.0,8,5.3,16,0.0,0.0
175504,2022,17308,25466.0,13.0,False,True,True,True,0.0,0.0,0.0,0.0,7,2.5,16,0.0,0.0
240229,2014,72816,7690.0,13.0,True,True,False,True,0.0,0.0,0.0,0.0,6,2.0,16,0.0,0.0
122026,2022,40952,65999.0,6.0,False,True,True,False,0.0,0.0,0.0,0.0,10,6.6,32,0.0,0.0
163011,2025,3256,34339.0,14.0,False,True,True,True,0.0,0.0,0.0,0.0,2,2.5,16,0.0,0.0
82033,2020,64654,34991.0,10.0,True,True,True,True,0.0,0.0,0.0,0.0,10,3.5,24,0.0,0.0
187849,2022,69017,43773.0,8.0,False,True,True,True,0.0,0.0,0.0,0.0,10,3.4,24,0.0,0.0
265653,2022,72850,39900.0,15.0,False,True,False,False,0.0,0.0,0.0,0.0,8,2.5,16,0.0,0.0
16888,2022,95903,19444.0,14.0,False,True,True,False,0.0,0.0,0.0,0.0,2,1.5,12,0.0,0.0
119474,2020,60222,17997.0,10.0,False,True,False,True,0.0,0.0,0.0,0.0,8,2.0,16,0.0,0.0
229159,2021,51562,69500.0,6.0,False,True,True,True,0.0,0.0,0.0,0.0,10,6.7,32,0.0,0.0
66225,2025,4694,44853.0,12.0,False,True,False,False,0.0,0.0,0.0,0.0,9,2.0,16,0.0,0.0
24719,2024,6750,54836.0,7.0,False,True,False,False,0.0,0.0,0.0,0.0,10,5.3,16,0.0,0.0
158573,2024,7396,33888.0,21.0,False,True,True,True,0.0,0.0,0.0,0.0,8,2.0,16,0.0,0.0
23274,2016,68696,14443.0,14.0,True,True,False,False,0.0,0.0,0.0,0.0,8,1.8,16,0.0,0.0
105789,2019,121783,12590.0,9.0,True,True,True,True,0.0,0.0,0.0,0.0,6,3.6,24,0.0,0.0
26731,2023,13435,47999.0,9.0,False,True,False,True,0.0,0.0,0.0,0.0,10,2.7,24,0.0,0.0
119097,2021,22512,36494.0,9.0,False,True,True,True,0.0,0.0,0.0,0.0,8,2.0,24,0.0,0.0
15596,2024,33706,20755.0,16.0,False,True,True,True,0.0,0.0,0.0,0.0,10,2.0,16,0.0,0.0
207509,2024,18218,47500.0,10.0,False,True,True,False,0.0,0.0,0.0,0.0,10,3.5,24,0.0,0.0
164035,2020,6281,65995.0,9.0,True,True,False,True,0.0,0.0,0.0,0.0,8,6.2,16,0.0,0.0
241869,2024,18024,25791.0,14.0,False,True,True,True,0.0,0.0,0.0,0.0,6,2.0,16,0.0,0.0
105777,2016,56092,31500.0,8.0,False,True,False,True,0.0,0.0,0.0,0.0,5,3.6,24,0.0,0.0
253776,2020,117271,14995.0,0.0,False,True,False,True,10.0,27.0,62.0,457.8,1,0.0,0,53.0,49.0
150277,2017,78665,11870.0,13.0,True,True,True,True,0.0,0.0,0.0,0.0,6,1.5,16,0.0,0.0
165735,2021,14946,14928.0,0.0,False,True,True,False,9.0,60.0,65.0,391.8,1,0.0,0,54.0,46.0
212806,2015,37765,29999.0,6.0,True,True,True,True,0.0,0.0,0.0,0.0,6,6.0,16,0.0,0.0
197043,2024,46654,69598.0,5.0,False,True,False,False,0.0,0.0,0.0,0.0,10,6.6,32,0.0,0.0
193704,2010,142162,11971.0,21.0,True,True,True,True,0.0,0.0,0.0,0.0,2,1.8,16,0.0,0.0
195280,2023,4581,39726.0,10.0,False,True,True,True,0.0,0.0,0.0,0.0,10,3.6,24,0.0,0.0
67424,2018,72621,20799.0,27.6,True,True,False,True,0.0,0.0,0.0,0.0,8,1.5,16,0.0,0.0
255290,2021,37047,20995.0,15.0,False,True,False,True,0.0,0.0,0.0,0.0,10,2.0,16,0.0,0.0
133152,2019,168940,12995.0,6.0,True,True,True,True,0.0,0.0,0.0,0.0,8,2.5,16,0.0,0.0
81758,2024,12064,72495.0,5.0,False,True,True,True,0.0,0.0,0.0,0.0,10,6.6,32,0.0,0.0
28968,2016,106023,8997.0,14.0,True,True,True,True,0.0,0.0,0.0,0.0,6,2.5,16,0.0,0.0
147159,2023,22991,43866.0,10.0,False,True,True,True,0.0,0.0,0.0,0.0,10,3.5,24,0.0,0.0
259939,2023,21769,26733.0,0.0,True,True,False,True,10.0,30.0,55.0,415.1,1,0.0,0,59.0,54.0
182469,2022,76000,38044.0,8.0,False,True,False,False,0.0,0.0,0.0,0.0,10,3.5,24,0.0,0.0
67098,2022,59333,48990.0,7.0,True,True,True,True,0.0,0.0,0.0,0.0,10,5.3,16,0.0,0.0
95764,2022,27415,33999.0,10.0,False,True,True,False,0.0,0.0,0.0,0.0,9,3.5,24,0.0,0.0
260090,2024,1638,26977.0,14.0,False,True,True,True,0.0,0.0,0.0,0.0,6,2.0,16,0.0,0.0
19220,2024,11246,98000.0,5.0,False,True,True,False,0.0,0.0,0.0,0.0,10,6.6,32,0.0,0.0
56395,2019,124473,19890.0,17.0,False,True,True,True,0.0,0.0,0.0,0.0,8,2.5,16,0.0,0.0
147226,2021,90736,20000.0,13.0,True,True,False,True,0.0,0.0,0.0,0.0,8,2.5,16,0.0,0.0
117964,2009,123459,12995.0,8.0,True,True,False,True,0.0,0.0,0.0,0.0,8,3.5,16,0.0,0.0
56047,2019,83350,27995.0,10.0,False,True,False,True,0.0,0.0,0.0,0.0,10,3.5,24,0.0,0.0
268580,2021,37338,29490.0,17.0,True,True,True,True,0.0,0.0,0.0,0.0,2,2.5,16,0.0,0.0
110819,2013,129757,9995.0,10.0,False,True,False,True,0.0,0.0,0.0,0.0,5,3.5,24,0.0,0.0
49899,2024,4286,139951.0,10.0,False,True,False,True,0.0,0.0,0.0,0.0,9,4.0,32,0.0,0.0
205100,2021,43945,25488.0,11.0,True,True,True,True,0.0,0.0,0.0,0.0,7,2.0,16,0.0,0.0
188718,2018,99492,20999.0,9.0,True,True,True,True,0.0,0.0,0.0,0.0,6,3.5,24,0.0,0.0
4008,2023,15907,34500.0,8.0,False,True,False,False,0.0,0.0,0.0,0.0,10,3.5,24,0.0,0.0
50390,2021,41367,29952.0,9.0,False,True,True,True,0.0,0.0,0.0,0.0,8,3.6,24,0.0,0.0
166134,2024,61290,36096.0,10.0,False,True,True,False,0.0,0.0,0.0,0.0,10,3.5,24,0.0,0.0
59882,2024,35590,49395.0,10.0,False,True,True,True,0.0,0.0,0.0,0.0,10,6.2,16,0.0,0.0
136512,2016,140732,24447.0,8.0,True,True,True,True,0.0,0.0,0.0,0.0,8,5.3,16,0.0,0.0
139591,2022,24680,83790.0,7.0,False,True,True,False,0.0,0.0,0.0,0.0,8,6.2,16,0.0,0.0
236665,2025,5373,36391.0,20.0,False,True,True,True,0.0,0.0,0.0,0.0,2,2.5,16,0.0,0.0
268417,2022,36860,36049.0,0.0,False,True,False,True,14.0,44.0,98.0,362.8,1,0.0,0,32.0,26.0
218047,2023,48734,34997.0,8.0,False,True,True,False,0.0,0.0,0.0,0.0,8,3.6,24,0.0,0.0
116777,2019,46865,19968.0,10.0,True,True,False,True,0.0,0.0,0.0,0.0,6,2.0,16,0.0,0.0
20388,2025,268,38098.0,17.0,False,True,True,True,0.0,0.0,0.0,0.0,2,2.5,16,0.0,0.0
260894,2023,12580,33933.0,0.0,False,True,True,False,8.0,45.0,91.0,350.8,1,0.0,0,42.0,37.0
161641,2021,46702,23397.0,12.0,False,True,False,False,0.0,0.0,0.0,0.0,9,2.0,16,0.0,0.0
147524,2022,36040,28999.0,9.0,False,True,True,False,0.0,0.0,0.0,0.0,8,5.7,16,0.0,0.0
237268,2023,18480,24850.0,0.0,True,True,True,True,10.0,30.0,55.0,411.9,1,0.0,0,59.0,54.0
10756,2021,45833,34875.0,11.0,True,True,False,True,0.0,0.0,0.0,0.0,8,3.5,24,0.0,0.0
158854,2022,19685,25950.0,11.0,True,True,True,True,0.0,0.0,0.0,0.0,6,2.5,16,0.0,0.0
81027,2023,16357,41568.0,17.0,False,True,True,True,0.0,0.0,0.0,0.0,2,2.5,16,0.0,0.0
17375,2025,10664,47225.0,9.0,False,True,True,True,0.0,0.0,0.0,0.0,8,2.5,16,0.0,0.0
183085,2022,17868,50845.0,12.0,False,True,True,True,0.0,0.0,0.0,0.0,8,2.0,16,0.0,0.0
256258,2018,152799,31995.0,7.0,True,True,False,False,0.0,0.0,0.0,0.0,6,6.6,16,0.0,0.0
130026,2022,67703,33500.0,10.0,False,True,True,False,0.0,0.0,0.0,0.0,8,3.5,24,0.0,0.0
70720,2023,57438,46299.0,9.0,False,True,True,True,0.0,0.0,0.0,0.0,10,3.5,24,0.0,0.0
255842,2020,123273,13887.0,11.0,False,True,False,False,0.0,0.0,0.0,0.0,8,2.0,16,0.0,0.0
12175,2023,5217,26791.0,10.0,False,True,True,True,0.0,0.0,0.0,0.0,8,3.6,24,0.0,0.0
101640,2024,42237,31998.0,17.0,False,True,True,True,0.0,0.0,0.0,0.0,1,2.0,16,0.0,0.0
120637,2023,10837,97995.0,9.0,False,True,True,True,0.0,0.0,0.0,0.0,9,4.0,32,0.0,0.0
117431,2022,40049,34385.0,11.0,False,True,True,True,0.0,0.0,0.0,0.0,8,3.5,24,0.0,0.0
57876,2015,98615,12798.0,8.0,True,True,False,True,0.0,0.0,0.0,0.0,6,3.5,24,0.0,0.0
241826,2022,69032,30474.0,9.0,False,True,False,False,0.0,0.0,0.0,0.0,8,2.7,16,0.0,0.0
142323,2012,108859,9995.0,10.0,True,True,False,True,0.0,0.0,0.0,0.0,5,3.6,24,0.0,0.0
149661,2024,24073,16170.0,14.0,False,True,True,False,0.0,0.0,0.0,0.0,2,2.0,16,0.0,0.0
16036,2018,97663,22888.0,10.0,True,True,True,True,0.0,0.0,0.0,0.0,8,3.5,24,0.0,0.0
5682,2024,44900,47257.0,6.1,False,True,True,True,0.0,0.0,0.0,0.0,10,6.6,16,0.0,0.0
98798,2007,163160,8995.0,7.0,True,True,False,True,0.0,0.0,0.0,0.0,8,3.8,16,0.0,0.0
7480,2021,60901,30500.0,17.0,False,True,True,True,0.0,0.0,0.0,0.0,2,2.5,16,0.0,0.0
114930,2023,38237,24395.0,13.0,False,True,True,True,0.0,0.0,0.0,0.0,2,1.5,16,0.0,0.0
38324,2024,1407,309500.0,3.0,False,True,True,True,0.0,0.0,0.0,0.0,8,3.8,24,0.0,0.0
36734,2016,174896,18990.0,8.0,False,True,False,True,0.0,0.0,0.0,0.0,6,3.5,24,0.0,0.0
150455,2015,208031,11181.0,8.0,False,True,False,True,0.0,0.0,0.0,0.0,5,3.6,24,0.0,0.0
139665,2016,59337,18995.0,0.0,False,True,False,False,12.0,28.5,75.0,418.7000000000001,1,0.0,0,43.0,45.0
59309,2014,116337,14490.0,11.0,True,True,False,True,0.0,0.0,0.0,0.0,8,3.0,24,0.0,0.0
195855,2019,115751,37990.0,6.0,True,True,False,True,0.0,0.0,0.0,0.0,6,6.7,32,0.0,0.0
197275,1990,97763,14695.0,9.0,False,True,False,False,0.0,0.0,0.0,0.0,4,5.7,16,0.0,0.0
139452,2008,134091,12900.0,7.0,True,True,False,True,0.0,0.0,0.0,0.0,4,3.8,12,0.0,0.0
244744,2022,27108,72900.0,11.0,False,True,True,True,0.0,0.0,0.0,0.0,8,2.9,24,0.0,0.0
188508,2020,38119,43995.0,8.0,True,True,False,False,0.0,0.0,0.0,0.0,10,5.3,16,0.0,0.0
79866,2022,42185,18800.0,14.0,False,True,True,True,0.0,0.0,0.0,0.0,2,2.0,16,0.0,0.0
141868,2022,31737,19300.0,12.0,True,True,True,False,0.0,0.0,0.0,0.0,8,1.5,12,0.0,0.0
203435,2021,51514,40977.0,8.0,False,True,True,True,0.0,0.0,0.0,0.0,8,6.4,16,0.0,0.0
165865,2020,67077,36995.0,8.0,False,True,True,True,0.0,0.0,0.0,0.0,6,5.3,16,0.0,0.0
23638,2020,4825,27800.0,13.0,False,True,True,False,0.0,0.0,0.0,0.0,6,1.5,16,0.0,0.0
14677,2023,44479,30999.0,10.0,False,True,True,False,0.0,0.0,0.0,0.0,10,2.3,16,0.0,0.0
196479,2019,84791,21888.0,21.0,False,True,True,True,0.0,0.0,0.0,0.0,2,1.8,16,0.0,0.0
154149,2021,86063,19999.0,15.0,False,True,True,True,0.0,0.0,0.0,0.0,6,2.0,16,0.0,0.0
154784,2024,10830,59000.0,6.0,False,True,True,True,0.0,0.0,0.0,0.0,10,6.6,16,0.0,0.0
146991,2023,21982,70499.0,5.0,True,True,True,True,0.0,0.0,0.0,0.0,10,6.6,32,0.0,0.0
191568,2024,17184,27999.0,8.0,False,True,True,False,0.0,0.0,0.0,0.0,10,5.3,16,0.0,0.0
164080,2022,35745,30394.0,11.5,False,True,False,True,0.0,0.0,0.0,0.0,7,2.0,16,0.0,0.0
150661,2023,41146,22723.0,14.0,False,True,True,True,0.0,0.0,0.0,0.0,6,2.0,16,0.0,0.0
54241,2022,53225,24888.0,10.0,False,True,False,True,0.0,0.0,0.0,0.0,8,2.0,16,0.0,0.0
26263,2010,93096,10495.0,9.0,False,True,False,True,0.0,0.0,0.0,0.0,8,3.5,16,0.0,0.0
253197,2017,97872,14650.0,10.0,True,True,False,False,0.0,0.0,0.0,0.0,8,3.6,24,0.0,0.0
191906,2014,25512,18998.0,10.0,False,True,False,True,0.0,0.0,0.0,0.0,8,2.6100000000000003,16,0.0,0.0
178865,2023,66052,17984.0,14.0,False,True,True,False,0.0,0.0,0.0,0.0,2,1.5,12,0.0,0.0
57706,2021,40100,25995.0,11.0,True,True,True,True,0.0,0.0,0.0,0.0,8,2.0,16,0.0,0.0
77648,2019,59409,40100.0,8.0,True,True,True,True,0.0,0.0,0.0,0.0,10,6.2,16,0.0,0.0
5372,2023,38604,26998.0,14.0,False,True,True,True,0.0,0.0,0.0,0.0,6,2.0,16,0.0,0.0
201029,2020,55120,21319.0,14.0,True,True,True,True,0.0,0.0,0.0,0.0,8,2.5,16,0.0,0.0
54202,2023,71255,41996.0,7.0,False,True,True,False,0.0,0.0,0.0,0.0,10,5.3,16,0.0,0.0
15793,2024,8941,36995.0,10.0,True,True,True,True,0.0,0.0,0.0,0.0,8,3.6,24,0.0,0.0
226389,2025,641,36569.0,17.0,False,True,True,False,0.0,0.0,0.0,0.0,1,2.0,16,0.0,0.0
197074,2020,50610,19998.0,15.0,False,True,True,True,0.0,0.0,0.0,0.0,6,2.0,16,0.0,0.0
79072,2010,160805,4099.0,8.0,False,True,False,False,0.0,0.0,0.0,0.0,6,3.8,12,0.0,0.0
19941,2023,27633,18995.0,14.0,False,True,True,True,0.0,0.0,0.0,0.0,2,2.0,16,0.0,0.0
89540,2025,12442,83944.0,8.0,False,True,True,False,0.0,0.0,0.0,0.0,8,4.4,32,0.0,0.0
28506,2012,179567,5725.0,12.0,True,True,True,True,0.0,0.0,0.0,0.0,5,2.0,16,0.0,0.0
148863,2025,1113,44900.0,12.0,False,True,True,True,0.0,0.0,0.0,0.0,9,2.0,16,0.0,0.0
81392,2021,31351,28995.0,8.0,False,True,False,True,0.0,0.0,0.0,0.0,8,3.6,24,0.0,0.0
51932,2025,3972,49480.0,9.0,False,True,True,False,0.0,0.0,0.0,0.0,10,3.5,24,0.0,0.0
162160,2022,45319,48999.0,8.0,False,True,True,True,0.0,0.0,0.0,0.0,8,3.0,24,0.0,0.0
92995,2022,43481,33598.0,11.0,True,True,True,True,0.0,0.0,0.0,0.0,8,3.5,24,0.0,0.0
118629,2024,27462,21497.0,13.0,False,True,True,False,0.0,0.0,0.0,0.0,2,1.5,16,0.0,0.0
168672,2024,46473,24595.0,10.0,False,True,False,True,0.0,0.0,0.0,0.0,8,2.0,16,0.0,0.0
65010,2024,7241,48128.0,15.0,False,True,True,False,0.0,0.0,0.0,0.0,2,2.5,16,0.0,0.0
262041,2022,96556,28400.0,10.0,False,True,False,True,0.0,0.0,0.0,0.0,10,3.5,24,0.0,0.0
114834,2020,73346,21808.0,14.0,False,True,False,False,0.0,0.0,0.0,0.0,7,1.5,16,0.0,0.0
37309,2015,143109,9999.0,10.0,False,True,False,False,0.0,0.0,0.0,0.0,6,3.5,24,0.0,0.0
51724,2010,96894,6299.0,13.0,True,True,False,True,0.0,0.0,0.0,0.0,4,2.0,16,0.0,0.0
29529,2024,13116,42000.0,11.0,False,True,True,False,0.0,0.0,0.0,0.0,8,3.5,24,0.0,0.0
7306,2022,54035,25900.0,20.0,False,True,False,True,0.0,0.0,0.0,0.0,1,2.0,16,0.0,0.0
97654,2022,99678,29220.0,7.0,False,True,True,True,0.0,0.0,0.0,0.0,5,4.0,24,0.0,0.0
14577,2024,51501,18366.0,16.0,False,True,True,False,0.0,0.0,0.0,0.0,10,2.0,16,0.0,0.0
234962,2024,7120,29000.0,12.4,False,True,True,True,0.0,0.0,0.0,0.0,8,1.84,16,0.0,0.0
99888,2023,50343,22980.0,14.0,True,True,False,False,0.0,0.0,0.0,0.0,2,1.5,16,0.0,0.0
30739,2024,11666,42995.0,11.0,False,True,True,False,0.0,0.0,0.0,0.0,8,2.4,16,0.0,0.0
124463,2023,29681,21887.0,12.0,False,True,True,False,0.0,0.0,0.0,0.0,8,1.5,12,0.0,0.0
86715,2019,84046,18332.0,14.0,False,True,False,True,0.0,0.0,0.0,0.0,6,2.0,16,0.0,0.0
154246,2014,38819,28700.0,10.0,False,True,False,True,0.0,0.0,0.0,0.0,7,3.6,24,0.0,0.0
99732,2023,16700,24061.0,11.0,False,True,True,True,0.0,0.0,0.0,0.0,6,2.5,16,0.0,0.0
140635,2015,133003,12995.0,12.0,False,True,False,True,0.0,0.0,0.0,0.0,6,3.5,24,0.0,0.0
121787,2019,79833,23995.0,13.0,False,True,True,True,0.0,0.0,0.0,0.0,1,1.5,16,0.0,0.0
71177,2018,120693,17985.0,9.0,False,True,True,True,0.0,0.0,0.0,0.0,8,3.6,24,0.0,0.0
249874,2023,8668,38987.0,11.0,False,True,True,True,0.0,0.0,0.0,0.0,7,2.0,16,0.0,0.0
237169,2025,5174,36997.0,0.0,False,True,True,True,11.0,30.0,71.0,568.8,1,0.0,0,62.0,54.0
104400,2020,83029,27855.0,8.0,False,True,False,True,0.0,0.0,0.0,0.0,10,3.0,24,0.0,0.0
150895,2017,14485,34510.0,8.0,True,True,True,False,0.0,0.0,0.0,0.0,6,6.7,16,0.0,0.0
201077,2021,48097,43554.0,8.0,False,True,False,True,0.0,0.0,0.0,0.0,8,6.4,16,0.0,0.0
265822,2023,24430,34543.0,9.0,False,True,True,True,0.0,0.0,0.0,0.0,8,5.7,16,0.0,0.0
59002,2023,16393,44990.0,10.0,False,True,True,False,0.0,0.0,0.0,0.0,8,3.6,24,0.0,0.0
45955,2020,77905,18995.0,9.0,False,True,False,True,0.0,0.0,0.0,0.0,8,3.6,24,0.0,0.0
28850,2024,10801,74595.0,6.0,False,True,True,True,0.0,0.0,0.0,0.0,10,6.6,32,0.0,0.0
44808,2020,112025,31000.0,7.0,False,True,False,True,0.0,0.0,0.0,0.0,5,4.0,24,0.0,0.0
93774,2019,71007,24988.0,13.0,True,True,False,True,0.0,0.0,0.0,0.0,1,1.5,16,0.0,0.0
109311,2016,58827,27988.0,8.0,False,True,False,True,0.0,0.0,0.0,0.0,6,5.0,32,0.0,0.0
188730,2024,10172,35775.0,0.0,False,True,True,True,11.0,30.0,71.0,551.1,1,0.0,0,58.0,53.0
182624,2019,84846,23999.0,0.0,False,True,True,True,9.0,25.0,50.0,327.4,1,0.0,0,60.0,53.0
133017,2016,64100,55970.0,9.0,False,True,False,True,0.0,0.0,0.0,0.0,8,4.8,32,0.0,0.0
106325,2024,8249,60998.0,7.0,False,True,True,True,0.0,0.0,0.0,0.0,10,6.2,16,0.0,0.0
183744,2024,10115,42695.0,9.1,False,True,True,True,0.0,0.0,0.0,0.0,10,3.830000000000001,16,0.0,0.0
237714,2021,43160,29325.0,10.0,False,True,False,True,0.0,0.0,0.0,0.0,10,2.3,16,0.0,0.0
3722,2024,37098,37000.0,10.0,False,True,True,True,0.0,0.0,0.0,0.0,8,3.5,24,0.0,0.0
142800,2022,57819,45500.0,7.0,False,True,False,True,0.0,0.0,0.0,0.0,10,5.3,16,0.0,0.0
256109,2019,63525,13168.0,11.0,False,True,False,True,0.0,0.0,0.0,0.0,6,2.5,16,0.0,0.0
164323,2016,147313,11495.0,15.0,False,True,False,False,0.0,0.0,0.0,0.0,6,1.5,16,0.0,0.0
195587,2020,122863,15495.0,11.0,False,True,False,False,0.0,0.0,0.0,0.0,7,2.0,16,0.0,0.0
100540,2023,18990,31892.0,8.0,False,True,True,False,0.0,0.0,0.0,0.0,8,4.3,12,0.0,0.0
135075,2024,3461,169900.0,8.2,False,True,True,True,0.0,0.0,0.0,0.0,8,3.0,16,0.0,0.0
190073,2018,88367,27990.0,8.0,False,True,True,False,0.0,0.0,0.0,0.0,8,5.3,16,0.0,0.0
233456,2023,53371,26300.0,10.0,False,True,True,False,0.0,0.0,0.0,0.0,10,2.3,16,0.0,0.0
192651,2021,56171,32189.0,10.0,False,True,True,False,0.0,0.0,0.0,0.0,10,3.3,16,0.0,0.0
100055,2017,154631,8999.0,12.0,False,True,False,True,0.0,0.0,0.0,0.0,7,2.5,16,0.0,0.0
70753,2025,9763,31635.0,16.0,False,True,True,True,0.0,0.0,0.0,0.0,1,2.0,16,0.0,0.0
133246,2023,63932,47581.0,7.0,False,True,True,False,0.0,0.0,0.0,0.0,10,5.3,16,0.0,0.0
233877,2022,37357,30490.0,11.0,False,True,True,False,0.0,0.0,0.0,0.0,7,2.0,16,0.0,0.0
124643,2016,44516,16100.0,13.0,True,False,False,True,0.0,0.0,0.0,0.0,6,2.0,16,0.0,0.0
20517,2008,158094,5988.0,10.0,True,True,True,True,0.0,0.0,0.0,0.0,5,3.5,24,0.0,0.0
258940,2022,34634,53989.0,6.0,False,True,False,False,0.0,0.0,0.0,0.0,10,6.7,16,0.0,0.0
201665,2022,111482,22900.0,10.0,False,True,False,True,0.0,0.0,0.0,0.0,8,3.5,24,0.0,0.0
179769,2017,76343,22350.0,8.0,False,True,False,True,0.0,0.0,0.0,0.0,8,3.6,24,0.0,0.0
136925,2023,17835,42000.0,8.0,False,True,True,True,0.0,0.0,0.0,0.0,8,3.6,24,0.0,0.0
188062,2023,48723,20796.0,12.0,False,True,False,False,0.0,0.0,0.0,0.0,8,1.5,12,0.0,0.0
175636,2024,8855,57933.0,12.6,False,True,True,False,0.0,0.0,0.0,0.0,8,2.0,16,0.0,0.0
121901,2025,9027,27343.0,15.0,False,True,True,True,0.0,0.0,0.0,0.0,6,2.0,16,0.0,0.0
28936,2022,15630,34898.0,8.0,False,True,False,True,0.0,0.0,0.0,0.0,6,3.5,24,0.0,0.0
62838,2021,26045,46694.0,5.0,False,True,False,False,0.0,0.0,0.0,0.0,10,6.6,32,0.0,0.0
67726,2015,72992,8000.0,35.0,False,True,False,True,0.0,0.0,0.0,0.0,1,1.4,16,0.0,0.0
203706,2024,20391,45000.0,10.0,False,True,True,False,0.0,0.0,0.0,0.0,8,2.4,16,0.0,0.0
130409,2023,13258,26998.0,13.0,False,True,True,True,0.0,0.0,0.0,0.0,6,2.0,16,0.0,0.0
145366,2020,51627,21500.0,10.0,True,True,False,True,0.0,0.0,0.0,0.0,8,2.0,16,0.0,0.0
145594,2021,54784,26444.0,10.0,True,True,False,True,0.0,0.0,0.0,0.0,10,2.3,16,0.0,0.0
230732,2024,17143,48971.0,8.0,False,True,True,True,0.0,0.0,0.0,0.0,10,3.5,24,0.0,0.0
50013,2023,33980,43876.0,7.0,True,True,True,True,0.0,0.0,0.0,0.0,5,4.0,24,0.0,0.0
87967,2023,30940,31998.0,11.0,True,True,True,True,0.0,0.0,0.0,0.0,8,2.4,16,0.0,0.0
238313,2018,114584,19488.0,14.0,True,True,False,True,0.0,0.0,0.0,0.0,6,1.5,16,0.0,0.0
118614,2024,8191,41995.0,10.0,False,True,True,True,0.0,0.0,0.0,0.0,8,2.4,16,0.0,0.0
58911,2022,65619,15277.0,14.0,True,True,False,False,0.0,0.0,0.0,0.0,2,2.0,16,0.0,0.0
170136,2014,132361,11998.0,9.0,False,True,False,True,0.0,0.0,0.0,0.0,6,3.5,24,0.0,0.0
169409,2021,7574,20400.0,14.0,False,True,False,True,0.0,0.0,0.0,0.0,7,1.5,16,0.0,0.0
210371,2021,67478,24795.0,14.0,False,True,True,True,0.0,0.0,0.0,0.0,10,1.5,16,0.0,0.0
138164,2013,118732,12995.0,6.0,False,True,True,False,0.0,0.0,0.0,0.0,6,4.8,16,0.0,0.0
42517,2020,89913,26990.0,11.0,True,True,True,True,0.0,0.0,0.0,0.0,7,3.0,24,0.0,0.0
239729,2018,148672,14000.0,13.0,False,True,False,True,0.0,0.0,0.0,0.0,1,1.5,16,0.0,0.0
210781,2021,27399,39795.0,8.0,False,True,False,True,0.0,0.0,0.0,0.0,10,5.0,24,0.0,0.0
122666,2020,114156,22563.0,6.0,False,True,True,False,0.0,0.0,0.0,0.0,6,6.0,16,0.0,0.0
151087,2023,56200,26000.0,10.0,False,True,True,False,0.0,0.0,0.0,0.0,8,3.6,24,0.0,0.0
40346,2025,10148,35674.0,20.0,False,True,True,True,0.0,0.0,0.0,0.0,2,2.5,16,0.0,0.0
58380,2023,35068,34909.0,10.0,False,True,True,True,0.0,0.0,0.0,0.0,10,2.3,16,0.0,0.0
42730,2022,34687,30485.0,10.0,True,True,True,True,0.0,0.0,0.0,0.0,10,2.3,16,0.0,0.0
124216,2024,25493,32618.0,16.0,False,True,True,True,0.0,0.0,0.0,0.0,2,2.0,16,0.0,0.0
248603,2022,39816,38699.0,8.0,False,True,False,False,0.0,0.0,0.0,0.0,10,5.0,24,0.0,0.0
105122,2015,97795,21919.0,8.0,False,True,False,False,0.0,0.0,0.0,0.0,6,5.3,16,0.0,0.0
118326,2025,6948,48975.0,9.0,False,True,False,False,0.0,0.0,0.0,0.0,10,3.5,24,0.0,0.0
51106,2004,112500,6200.0,9.5,False,True,False,True,0.0,0.0,0.0,0.0,8,2.6,16,0.0,0.0
66892,2018,89246,22400.0,9.0,True,True,False,True,0.0,0.0,0.0,0.0,8,3.6,24,0.0,0.0
200510,2023,45196,40990.0,8.0,False,True,True,False,0.0,0.0,0.0,0.0,10,2.7,16,0.0,0.0
11261,2013,104264,9250.0,13.0,False,True,False,False,0.0,0.0,0.0,0.0,4,1.8,16,0.0,0.0
1352,2021,22154,34447.0,9.0,False,True,True,False,0.0,0.0,0.0,0.0,8,2.0,16,0.0,0.0
138078,2016,139233,14995.0,10.0,False,True,True,True,0.0,0.0,0.0,0.0,9,3.5,24,0.0,0.0
31674,2022,55098,26465.0,17.0,False,True,True,True,0.0,0.0,0.0,0.0,2,2.5,16,0.0,0.0
95113,2023,20860,60160.0,7.0,False,True,True,True,0.0,0.0,0.0,0.0,10,6.2,16,0.0,0.0
141234,2022,31337,30654.0,10.0,True,True,True,True,0.0,0.0,0.0,0.0,8,3.5,24,0.0,0.0
111294,2018,109664,13495.0,10.0,False,True,True,True,0.0,0.0,0.0,0.0,9,3.6,24,0.0,0.0
134258,2019,49151,22988.0,13.0,False,True,True,True,0.0,0.0,0.0,0.0,6,1.5,16,0.0,0.0
32048,2023,56855,22150.0,14.0,True,True,True,False,0.0,0.0,0.0,0.0,1,2.5,16,0.0,0.0
265500,2022,69345,33248.0,10.0,False,True,True,True,0.0,0.0,0.0,0.0,8,3.5,24,0.0,0.0
35307,2025,5602,43000.0,13.0,False,True,True,False,0.0,0.0,0.0,0.0,9,2.0,16,0.0,0.0
5893,2007,182828,5500.0,8.0,False,True,False,False,0.0,0.0,0.0,0.0,8,2.4,16,0.0,0.0
225762,2022,71227,34498.0,15.0,False,True,True,True,0.0,0.0,0.0,0.0,2,2.5,16,0.0,0.0
47355,2023,31134,64500.0,7.0,True,True,True,True,0.0,0.0,0.0,0.0,10,6.2,16,0.0,0.0
270259,2022,73338,22316.0,0.0,False,True,True,True,7.0,30.0,77.0,405.5,1,0.0,0,42.0,38.0
176668,2012,190326,4795.0,9.0,False,True,False,True,0.0,0.0,0.0,0.0,6,3.6,24,0.0,0.0
143292,2018,86205,19980.0,13.0,True,True,False,False,0.0,0.0,0.0,0.0,1,1.5,16,0.0,0.0
1855,2014,64292,10995.0,11.0,True,True,False,True,0.0,0.0,0.0,0.0,7,1.8,16,0.0,0.0
162421,2014,98747,9500.0,10.0,False,True,False,True,0.0,0.0,0.0,0.0,6,3.5,24,0.0,0.0
255542,2021,86306,22998.0,14.0,True,True,False,True,0.0,0.0,0.0,0.0,8,2.5,16,0.0,0.0
10668,2022,87421,36998.0,15.0,False,True,True,True,0.0,0.0,0.0,0.0,2,2.5,16,0.0,0.0
79423,2025,5721,92591.0,8.0,False,True,False,True,0.0,0.0,0.0,0.0,8,3.0,24,0.0,0.0
261887,2025,7362,25798.0,15.0,False,True,True,True,0.0,0.0,0.0,0.0,6,2.0,16,0.0,0.0
218101,2023,43511,45329.0,8.0,False,True,True,True,0.0,0.0,0.0,0.0,10,3.4,24,0.0,0.0
167084,2024,33831,31989.0,13.0,False,True,True,True,0.0,0.0,0.0,0.0,8,1.5,16,0.0,0.0
146774,2018,14289,26698.0,10.0,False,True,True,True,0.0,0.0,0.0,0.0,8,2.0,16,0.0,0.0
75042,2021,27094,138981.0,9.0,False,True,False,False,0.0,0.0,0.0,0.0,7,3.0,24,0.0,0.0
136320,2023,47824,39800.0,8.0,True,True,True,False,0.0,0.0,0.0,0.0,10,3.5,24,0.0,0.0
10478,2017,69218,14029.0,14.0,True,True,False,True,0.0,0.0,0.0,0.0,7,1.8,16,0.0,0.0
137903,2022,26356,23999.0,0.0,True,True,True,False,11.0,30.0,80.0,477.9,1,0.0,0,54.0,50.0
73324,2020,49998,25900.0,12.0,False,True,False,True,0.0,0.0,0.0,0.0,9,2.0,16,0.0,0.0
188053,2016,90491,14499.0,11.0,True,True,False,False,0.0,0.0,0.0,0.0,6,2.3,16,0.0,0.0
36988,1990,43000,139495.0,9.0,False,True,False,False,0.0,0.0,0.0,0.0,5,3.6,24,0.0,0.0
45858,2016,111585,10566.0,12.0,True,True,False,False,0.0,0.0,0.0,0.0,4,2.5,16,0.0,0.0
97995,2021,32703,35405.0,10.0,True,True,True,True,0.0,0.0,0.0,0.0,8,2.0,24,0.0,0.0
22436,2020,147496,19995.0,9.0,False,True,False,False,0.0,0.0,0.0,0.0,6,2.7,16,0.0,0.0
113551,2022,36200,36996.0,10.0,True,True,True,True,0.0,0.0,0.0,0.0,8,3.5,24,0.0,0.0
108837,2025,4758,91991.0,8.0,False,True,True,False,0.0,0.0,0.0,0.0,8,3.0,24,0.0,0.0
193684,2023,22447,33871.0,8.0,False,True,False,False,0.0,0.0,0.0,0.0,10,3.5,24,0.0,0.0
147406,2012,24573,20975.0,8.0,False,True,False,False,0.0,0.0,0.0,0.0,8,3.7,16,0.0,0.0
220882,2021,40727,25000.0,13.0,False,True,True,True,0.0,0.0,0.0,0.0,7,2.5,16,0.0,0.0
231306,2020,35486,23988.0,13.0,False,True,True,True,0.0,0.0,0.0,0.0,8,2.5,16,0.0,0.0
137277,2004,49080,13995.0,10.0,False,True,False,True,0.0,0.0,0.0,0.0,8,3.2,16,0.0,0.0
104758,2020,126143,8399.0,14.0,True,True,False,True,0.0,0.0,0.0,0.0,6,2.0,16,0.0,0.0
18796,2023,75484,22988.0,13.0,True,True,True,False,0.0,0.0,0.0,0.0,2,1.5,12,0.0,0.0
170561,2024,136,71999.0,6.0,False,True,True,True,0.0,0.0,0.0,0.0,10,6.7,32,0.0,0.0
205442,2023,54090,21990.0,18.0,False,True,True,True,0.0,0.0,0.0,0.0,1,2.0,16,0.0,0.0
80955,2011,69800,199900.0,8.0,False,True,False,True,0.0,0.0,0.0,0.0,6,3.8,16,0.0,0.0
48875,2024,23176,22995.0,14.0,True,True,True,False,0.0,0.0,0.0,0.0,2,2.5,16,0.0,0.0
227830,2019,41769,27000.0,13.0,False,True,True,True,0.0,0.0,0.0,0.0,1,1.5,16,0.0,0.0
123794,2015,86028,10888.0,18.0,True,True,False,True,0.0,0.0,0.0,0.0,2,2.0,16,0.0,0.0
214507,2024,11265,27995.0,14.0,False,True,True,True,0.0,0.0,0.0,0.0,2,2.5,16,0.0,0.0
31139,2021,35423,35000.0,10.0,True,True,False,False,0.0,0.0,0.0,0.0,8,3.5,24,0.0,0.0
139574,2022,83157,29300.0,11.0,True,True,False,True,0.0,0.0,0.0,0.0,10,3.0,16,0.0,0.0
37929,2023,51222,19850.0,13.0,False,True,False,False,0.0,0.0,0.0,0.0,2,1.5,16,0.0,0.0
220208,2017,69235,19995.0,9.0,True,True,False,True,0.0,0.0,0.0,0.0,8,3.6,24,0.0,0.0
5137,2017,124423,13417.0,10.0,False,True,False,True,0.0,0.0,0.0,0.0,8,3.6,24,0.0,0.0
237032,2015,149143,29900.0,6.0,False,True,False,False,0.0,0.0,0.0,0.0,6,6.6,32,0.0,0.0
139056,2016,117879,15000.0,12.0,True,True,False,True,0.0,0.0,0.0,0.0,5,2.4,16,0.0,0.0
243639,2023,1807,48733.0,8.0,True,True,True,True,0.0,0.0,0.0,0.0,8,6.4,16,0.0,0.0
220521,2019,61137,14700.0,14.0,True,True,True,True,0.0,0.0,0.0,0.0,7,1.5,16,0.0,0.0
55437,2023,39055,32679.0,10.0,False,True,True,False,0.0,0.0,0.0,0.0,10,2.3,16,0.0,0.0
126011,2015,111716,10995.0,10.0,True,True,False,True,0.0,0.0,0.0,0.0,6,3.7,24,0.0,0.0
230190,2018,79875,11995.0,12.0,False,True,True,True,0.0,0.0,0.0,0.0,6,1.6,16,0.0,0.0
212369,2022,80059,16995.0,14.0,False,True,False,False,0.0,0.0,0.0,0.0,2,1.8,16,0.0,0.0
47839,2023,63374,17987.0,14.0,True,True,True,False,0.0,0.0,0.0,0.0,1,2.5,16,0.0,0.0
64078,2020,70322,19777.0,14.0,False,True,False,True,0.0,0.0,0.0,0.0,6,1.5,16,0.0,0.0
193935,2025,4593,44200.0,8.0,False,True,True,True,0.0,0.0,0.0,0.0,10,2.7,16,0.0,0.0
129851,2016,39459,33785.0,8.0,False,True,False,False,0.0,0.0,0.0,0.0,6,3.7,24,0.0,0.0
6000,2019,83560,27990.0,10.0,False,True,True,True,0.0,0.0,0.0,0.0,8,2.0,16,0.0,0.0
51083,2024,46052,20800.0,14.0,False,True,True,False,0.0,0.0,0.0,0.0,2,2.5,16,0.0,0.0
104931,2022,57984,29994.0,10.0,False,True,True,False,0.0,0.0,0.0,0.0,8,2.0,16,0.0,0.0
208775,2021,20441,37999.0,14.0,False,True,True,True,0.0,0.0,0.0,0.0,2,2.5,16,0.0,0.0
67750,2024,47909,31998.0,17.0,False,True,True,True,0.0,0.0,0.0,0.0,2,2.0,16,0.0,0.0
48742,2024,8301,71998.0,6.0,False,True,True,True,0.0,0.0,0.0,0.0,10,6.6,32,0.0,0.0
11834,2022,17086,39992.0,11.0,False,True,True,True,0.0,0.0,0.0,0.0,9,2.0,16,0.0,0.0
167788,2022,57911,38989.0,10.0,False,True,True,True,0.0,0.0,0.0,0.0,8,3.0,24,0.0,0.0
208409,2023,1731,159992.0,7.0,False,True,True,False,0.0,0.0,0.0,0.0,8,6.2,16,0.0,0.0
29153,2015,91153,13300.0,8.0,False,True,False,False,0.0,0.0,0.0,0.0,6,3.5,24,0.0,0.0
11890,2022,24389,52883.0,7.0,False,True,True,True,0.0,0.0,0.0,0.0,10,5.3,16,0.0,0.0
27948,2022,27521,34970.0,9.0,False,True,False,False,0.0,0.0,0.0,0.0,10,2.7,24,0.0,0.0
231350,2024,19724,55998.0,7.0,False,True,True,True,0.0,0.0,0.0,0.0,10,6.2,16,0.0,0.0
248227,2017,30217,94900.0,10.0,False,True,False,True,0.0,0.0,0.0,0.0,7,3.0,24,0.0,0.0
56774,2024,40115,39982.0,10.0,False,True,True,False,0.0,0.0,0.0,0.0,10,3.5,24,0.0,0.0
224085,2020,98997,23471.0,4.0,True,True,False,False,0.0,0.0,0.0,0.0,10,5.0,24,0.0,0.0
132878,2025,17688,27988.0,20.0,False,True,True,True,0.0,0.0,0.0,0.0,2,2.5,16,0.0,0.0
260461,2012,37758,17495.0,17.0,False,True,True,True,0.0,0.0,0.0,0.0,8,2.5,16,0.0,0.0
195857,2018,114263,13497.0,0.0,True,True,False,True,10.0,27.0,70.0,358.0,1,0.0,0,58.0,52.0
245330,2017,137975,10988.0,10.0,False,True,False,True,0.0,0.0,0.0,0.0,9,3.6,24,0.0,0.0
190199,2022,32153,46176.0,10.0,True,True,True,False,0.0,0.0,0.0,0.0,8,3.0,24,0.0,0.0
224835,2023,53759,33859.0,8.0,True,True,True,False,0.0,0.0,0.0,0.0,10,3.5,24,0.0,0.0
253569,2017,105217,18000.0,8.0,False,True,True,True,0.0,0.0,0.0,0.0,8,3.6,16,0.0,0.0
208157,2016,275901,11988.0,3.0,False,True,False,False,0.0,0.0,0.0,0.0,6,5.3,16,0.0,0.0
67407,2020,81354,12995.0,13.0,True,True,False,True,0.0,0.0,0.0,0.0,6,2.0,16,0.0,0.0
108209,2024,27150,26000.0,10.0,False,True,True,False,0.0,0.0,0.0,0.0,8,2.0,16,0.0,0.0
158467,2021,60300,21995.0,17.0,False,True,True,True,0.0,0.0,0.0,0.0,8,2.5,16,0.0,0.0
178454,2016,73260,21996.0,9.0,True,True,True,True,0.0,0.0,0.0,0.0,9,3.5,24,0.0,0.0
183363,2022,34745,27998.0,0.0,False,True,False,True,10.0,30.0,66.0,518.1,1,0.0,0,57.0,54.0
233450,2009,103647,8900.0,10.0,True,True,False,True,0.0,0.0,0.0,0.0,6,3.5,24,0.0,0.0
148093,2019,76503,12999.0,14.0,True,True,False,True,0.0,0.0,0.0,0.0,7,1.5,16,0.0,0.0
114836,2023,56227,19590.0,13.0,False,True,True,False,0.0,0.0,0.0,0.0,2,1.5,16,0.0,0.0
157968,2024,22502,27977.0,14.0,False,True,True,False,0.0,0.0,0.0,0.0,8,1.5,16,0.0,0.0
259008,2024,20273,25146.0,13.0,False,True,False,True,0.0,0.0,0.0,0.0,2,1.5,12,0.0,0.0
53620,2018,85760,13998.0,12.0,True,True,False,True,0.0,0.0,0.0,0.0,6,2.0,16,0.0,0.0
